goal_id,year,articles,citations,funding_eur,projects
G01,2010,2.333333333333333,88.33333333333333,0.0,0.0
G01,2011,2.5,88.0,0.0,0.0
G01,2012,1.2,110.6,0.0,0.0
G01,2013,7.88780775468082,399.43800678165996,0.0,0.0
G01,2014,4.0,77.0,0.0,0.0
G01,2015,5.157894736842105,753.2631578947369,0.0,0.0
G01,2016,4.215714691673771,121.9493037794828,0.0,0.0
G01,2017,5.0,89.0,87922.13333333333,0.13333333333333333
G01,2018,8.215842245989306,164.54191176470587,0.0,0.0
G01,2019,12.409897156684815,375.78815486993346,0.0,0.0
G01,2020,7.533333333333333,118.13333333333333,187189.50793650793,0.6507936507936507
G01,2021,8.737037037037036,163.67777777777775,666927.1333333334,1.0666666666666667
G01,2022,13.176291845409493,114.69621799768858,1239967.0,2.4
G01,2023,13.204040404040404,110.38181818181818,0.0,0.0
G01,2024,6.344383394383394,21.47579365079365,1463970.9890109892,3.4835164835164836
G01,2025,6.001443001443001,3.9012987012987015,0.0,0.0
G01,2026,6.524673202614379,2.0163398692810457,0.0,0.0
G01,2027,0.0,0.0,872684.0,1.0
G02,2010,2.1666666666666665,55.166666666666664,0.0,0.0
G02,2011,1.2307692307692308,23.307692307692307,0.0,0.0
G02,2012,0.25,33.75,0.0,0.0
G02,2013,2.809401709401709,73.64102564102565,0.0,0.0
G02,2014,0.2,5.4,0.0,0.0
G02,2015,1.04251012145749,41.91497975708502,0.0,0.0
G02,2016,0.303030303030303,12.272727272727272,0.0,0.0
G02,2017,3.5779220779220777,181.08441558441558,0.0,0.0
G02,2018,0.6227272727272727,14.850000000000001,0.0,0.0
G02,2019,2.5404597701149427,63.40275862068965,0.0,0.0
G02,2020,3.8179863147605086,919.9620723362659,33052.85714285714,0.2857142857142857
G02,2021,7.770548654244306,818.2214803312629,0.0,0.0
G02,2022,7.397152640960691,1036.292760644928,782940.0,1.0
G02,2023,2.149197860962567,83.07860962566843,45341.71428571428,0.2857142857142857
G02,2024,2.422212346477052,23.311764705882354,0.0,0.0
G02,2025,2.9737155388471175,18.13740601503759,0.0,0.0
G02,2026,3.8577485380116956,1.3222222222222224,0.0,0.0
G03,2010,3.0,73.0,0.0,0.0
G03,2013,1.0,11.0,0.0,0.0
G03,2016,2.0,19.0,0.0,0.0
G03,2017,0.5,0.5,0.0,0.0
G03,2023,0.75,120.0,0.0,0.0
G03,2024,0.0,0.0,1914511.9777777777,3.511111111111111
G03,2026,0.2222222222222222,0.0,0.0,0.0
G04,2010,3.25,141.5,0.0,0.0
G04,2011,2.75,198.75,0.0,0.0
G04,2012,8.214285714285715,270.4761904761905,0.0,0.0
G04,2013,7.066666666666666,440.4,0.0,0.0
G04,2014,4.8076923076923075,168.19230769230768,0.0,0.0
G04,2015,7.6,302.8,0.0,0.0
G04,2016,15.758116883116882,1254.9383116883116,0.0,0.0
G04,2017,4.6535714285714285,519.3821428571429,1996575.5734265735,3.5611888111888113
G04,2018,14.791740938799762,486.44022154316275,431028.8181818182,0.7012987012987013
G04,2019,12.25,581.7261904761904,0.0,0.0
G04,2020,13.709650072150072,1994.0312049062047,337782.5454545454,0.5454545454545454
G04,2021,12.413602410661234,342.04842967490026,0.0,0.0
G04,2022,12.618253968253969,545.1873015873016,1473674.8333333333,1.8333333333333333
G04,2023,9.883002961950329,222.84575074048757,1167293.0909090908,1.3
G04,2024,8.206493506493505,60.0982683982684,1219129.0,1.25
G04,2025,13.987518037518036,59.626262626262616,918405.25,0.7083333333333333
G04,2026,4.970915032679739,3.1098039215686275,3705408.0,0.6
G05,2012,0.2222222222222222,0.2222222222222222,0.0,0.0
G05,2013,0.5,13.5,0.0,0.0
G05,2015,1.0,323.0,0.0,0.0
G05,2016,0.18181818181818182,6.363636363636364,0.0,0.0
G05,2017,0.5,0.5,0.0,0.0
G05,2018,0.0,0.0,699454.0,1.0
G05,2020,2.2727272727272725,124.27272727272728,0.0,0.0
G05,2021,2.0,3.0,0.0,0.0
G05,2022,1.8181818181818183,45.54545454545455,0.0,0.0
G05,2023,1.1111111111111112,10.333333333333332,0.0,0.0
G05,2024,3.0,43.0,0.0,0.0
G05,2025,2.0,1.0,0.0,0.0
G05,2026,3.333333333333333,3.0,0.0,0.0
G06,2010,5.601572262862585,412.6694900081997,0.0,0.0
G06,2011,4.6968325791855206,292.4977375565611,0.0,0.0
G06,2012,6.966770186335404,440.28913043478263,0.0,0.0
G06,2013,8.070538996695984,477.9999804717364,0.0,0.0
G06,2014,6.179166666666666,262.9375,0.0,0.0
G06,2015,9.3015955762326,659.05368158762,0.0,0.0
G06,2016,9.07608481989287,584.1597243657616,0.0,0.0
G06,2017,18.24722744575686,1592.409216926864,235852.0,0.5833333333333333
G06,2018,14.605320118478014,595.1475848712691,1779651.5454545454,2.484848484848485
G06,2019,22.918378843378843,1783.478071928072,528856.0,1.0
G06,2020,17.17560352150485,523.2948373132244,348476.6666666666,0.6666666666666666
G06,2021,21.57983227299017,608.7699234511617,143689.75,0.25
G06,2022,15.224266389784965,329.69517219536567,922158.880952381,1.6904761904761905
G06,2023,21.24660192748428,284.6499173212409,1386014.5714285714,1.5285714285714285
G06,2024,18.037631885658197,125.08466402019032,0.0,0.0
G06,2025,19.025803582382526,24.886712118291065,84584.0,0.18181818181818182
G06,2026,10.64116636717256,1.9211229946524067,0.0,0.0
G07,2010,12.84017094017094,947.131623931624,0.0,0.0
G07,2011,15.904761904761905,691.8809523809524,0.0,0.0
G07,2012,10.676470588235293,950.8529411764706,0.0,0.0
G07,2013,9.666666666666666,795.0,0.0,0.0
G07,2014,13.413020313020313,733.1064824064825,0.0,0.0
G07,2015,19.14235764235764,1411.1023976023976,0.0,0.0
G07,2016,23.90515873015873,1326.8170634920637,0.0,0.0
G07,2017,22.416666666666668,1424.2071428571428,457428.8403361344,0.9495798319327731
G07,2018,25.533333333333335,1671.4666666666667,896495.0,1.5
G07,2019,27.707647524888905,1380.14958145303,0.0,0.0
G07,2020,34.654617604617606,842.9474025974026,4678015.8,5.745833333333334
G07,2021,29.806722689075627,1014.8935574229693,1379704.0,2.0
G07,2022,28.211217948717948,810.4639194139195,1387743.0,2.2142857142857144
G07,2023,29.675761983114924,452.43439828145705,1300685.8262987013,1.8457792207792207
G07,2024,30.11214667685256,295.3861344537815,3470130.0,1.0
G07,2025,25.626587301587303,100.50753968253967,868994.5000000001,0.55
G07,2026,20.998430735930736,16.419642857142858,8950523.857142858,5.142857142857142
G07,2027,0.0,0.0,2523720.6666666665,2.6666666666666665
G08,2010,16.939560439560438,1657.6340659340658,0.0,0.0
G08,2011,13.638337153043036,534.370830150242,0.0,0.0
G08,2012,17.129635723753374,862.9340189222542,0.0,0.0
G08,2013,23.538338854128327,1227.3276653171392,0.0,0.0
G08,2014,20.063463348245957,616.3483873614308,0.0,0.0
G08,2015,17.257142857142856,686.8258241758242,0.0,0.0
G08,2016,28.761656034024455,2536.0318713450292,0.0,0.0
G08,2017,35.37308802308802,2013.1616522366523,2239885.1092436975,4.17296918767507
G08,2018,53.431614176157524,11016.771895081183,1969164.585081585,3.191974691974692
G08,2019,48.04046417978307,3771.6768453768454,730260.0,1.0
G08,2020,34.34554334554335,4897.30571095571,1679199.3076923077,2.1490384615384617
G08,2021,59.135205807264626,2342.578690590455,3599785.464285714,3.6023809523809525
G08,2022,51.82177019317112,4824.439874023466,2281103.6428571427,3.838095238095238
G08,2023,59.161170971271595,865.2219835805749,3527298.3333333335,5.083333333333333
G08,2024,52.9886335233394,480.2611427787898,2384839.981818182,2.9863636363636363
G08,2025,52.88449501478913,195.60920569626452,3142018.2555555557,4.738888888888889
G08,2026,41.14127073906486,19.066911764705882,5432430.546886447,6.806227106227106
G08,2027,0.0,0.0,272698.0909090909,0.2727272727272727
G09,2010,29.29255189255189,4246.23833943834,0.0,0.0
G09,2011,23.106060606060606,1498.534632034632,0.0,0.0
G09,2012,24.028916181857355,1137.6451339510163,0.0,0.0
G09,2013,27.645369834843518,3527.072508193561,0.0,0.0
G09,2014,31.3001665001665,7478.500982350982,0.0,0.0
G09,2015,53.9986241828347,6221.413009797221,0.0,0.0
G09,2016,58.30493848257006,3239.247330009172,0.0,0.0
G09,2017,65.09532412032411,5085.1570707070705,11344871.035963383,15.98884808002455
G09,2018,97.52420581654327,6809.86952463601,7623710.941791542,12.256390831390831
G09,2019,122.30598550915889,10253.998334835098,5397909.126984127,9.733333333333333
G09,2020,125.80501581751581,10645.815193140194,7455736.481052281,14.598634698634699
G09,2021,167.76004383473423,5722.389667668073,6857232.542757243,13.378983516483517
G09,2022,175.81334906923144,7093.194000933707,11770840.956277056,16.262878787878787
G09,2023,178.60544055188018,3444.8129465907323,14046737.82379134,22.093804222093695
G09,2024,149.60073624431985,1677.8207423828323,14192379.116822068,17.325391275391276
G09,2025,140.07959792602657,1247.0089037184512,11368241.269191919,9.39520202020202
G09,2026,88.74816730957531,70.48026420566467,13269009.11082251,15.911688311688312
G09,2027,0.0,0.0,8489005.085481185,9.5499333999334
G10,2010,31.35436248339474,3112.2385557095236,0.0,0.0
G10,2011,47.80226603461898,5475.407584572291,0.0,0.0
G10,2012,46.3267316017316,2938.5054112554117,0.0,0.0
G10,2013,40.41875901875902,2618.095238095238,0.0,0.0
G10,2014,55.617916234092704,3024.940749283396,0.0,0.0
G10,2015,91.47176846897808,7835.949415466566,0.0,0.0
G10,2016,120.69501258974944,6550.679588832221,0.0,0.0
G10,2017,117.52205017205017,6089.590381840382,18566322.193305712,28.696300758065462
G10,2018,158.03014007107595,12783.30665903696,15737181.03040293,28.08476800976801
G10,2019,209.45848319207454,11924.454899185783,20834128.48015873,32.89978354978355
G10,2020,233.36182369917663,13844.709412809412,14840973.954310894,27.624351379614538
G10,2021,271.0876159238079,9738.099628501874,18147223.290606614,33.92014652014652
G10,2022,226.73668957891095,8054.0948836724,18407425.48787879,27.360569985569985
G10,2023,234.66693837208544,7974.709469808657,23781357.76384741,36.34203355124408
G10,2024,250.18128405220511,2936.7990185390804,28904964.819463868,36.26233211233211
G10,2025,237.20960118307994,1058.3276028224675,11090668.604914693,15.883295136236313
G10,2026,188.28977908224945,91.49221474334881,24879416.87254412,26.70736485736486
G10,2027,0.0,0.0,12176050.118190143,11.25641858141858
G11,2010,2.0801757382402544,51.93594147787696,0.0,0.0
G11,2011,0.11764705882352941,2.941176470588235,0.0,0.0
G11,2012,2.488235294117647,168.18823529411767,0.0,0.0
G11,2013,1.803921568627451,76.86274509803921,0.0,0.0
G11,2014,2.0144927536231885,94.46376811594202,0.0,0.0
G11,2015,1.9474969474969475,68.90598290598291,0.0,0.0
G11,2016,4.731851481851482,95.09507159507159,0.0,0.0
G11,2017,2.791666666666667,271.69166666666666,884804.5142857142,1.342857142857143
G11,2018,4.721500451807358,425.53382938459663,0.0,0.0
G11,2019,6.920100161276631,304.3455182072829,0.0,0.0
G11,2020,8.845783748415325,392.1904122193596,288884.39999999997,0.6
G11,2021,6.793316478842795,204.11491622412677,25717.066666666666,0.13333333333333333
G11,2022,11.531270483902063,123.01882591093117,5350750.0,1.0
G11,2023,13.316219891219893,225.64252136752134,4092073.3666666667,2.7333333333333334
G11,2024,9.989388944388944,70.98123376623377,476501.5,0.9777777777777779
G11,2025,14.319153864888893,41.392229831068306,1310980.0666666667,1.4333333333333331
G11,2026,10.992705333881807,9.124242424242425,2507754.6666666665,1.8333333333333333
G11,2027,0.0,0.0,840668.6666666666,0.7333333333333334
G12,2010,0.6666666666666666,0.0,0.0,0.0
G12,2011,0.5,21.5,0.0,0.0
G12,2012,2.5,113.0,0.0,0.0
G12,2013,2.3333333333333335,179.0,0.0,0.0
G12,2014,3.141414141414142,603.8181818181819,0.0,0.0
G12,2015,8.515873015873016,704.4126984126983,0.0,0.0
G12,2016,5.5,266.77777777777777,0.0,0.0
G12,2017,12.563736263736264,979.9582417582418,832001.2762237763,1.56993006993007
G12,2018,13.742063492063492,392.96031746031747,810359.3333333333,1.4444444444444444
G12,2019,13.56031746031746,616.5682539682539,656191.7142857143,1.577922077922078
G12,2020,17.23462648462648,458.9169164169164,3398506.781218781,3.4735264735264733
G12,2021,25.03633915104503,835.0789772319183,3621196.4384615384,2.9871794871794872
G12,2022,28.703434388109308,765.6187925249845,6101672.285714285,5.724025974025974
G12,2023,22.35047175047175,351.11933621933616,1842909.5708333333,3.619642857142857
G12,2024,23.452754435107376,171.15308123249298,2042794.25,1.0
G12,2025,21.799607581960522,75.85638740344622,1506036.6095238095,2.4158730158730157
G12,2026,19.987606837606837,6.474358974358974,2570572.077106227,3.1624542124542123
G12,2027,0.0,0.0,247278.5,0.5
G13,2010,1.625,164.125,0.0,0.0
G13,2011,4.423809523809524,117.17142857142856,0.0,0.0
G13,2012,4.181818181818182,72.27272727272728,0.0,0.0
G13,2013,5.0,183.0,0.0,0.0
G13,2014,4.4,72.2,0.0,0.0
G13,2015,7.154761904761904,169.77380952380952,0.0,0.0
G13,2016,12.605228105228104,256.542624042624,0.0,0.0
G13,2017,10.483738483738485,195.26301476301475,0.0,0.0
G13,2018,10.446681096681097,695.7762737262738,1266523.0666666667,2.4333333333333336
G13,2019,12.2718954248366,241.45228758169935,0.0,0.0
G13,2020,21.180455655455656,596.8370684870684,0.0,0.0
G13,2021,24.88705738705739,484.5692307692308,660840.0,1.5
G13,2022,18.095937395937394,220.56428571428572,293002.0,1.0
G13,2023,28.896626984126982,282.42043650793653,1934160.4869047618,4.521374458874459
G13,2024,18.075974025974027,126.91428571428571,3504712.903030303,1.9871212121212123
G13,2025,26.614708004413888,47.625541125541126,4200594.615789474,7.521052631578947
G13,2026,17.182735742518354,3.7128427128427126,388990.0,1.0
G14,2010,1.9387365322849195,74.84661145306308,0.0,0.0
G14,2011,1.3076923076923077,22.076923076923077,0.0,0.0
G14,2013,0.10526315789473684,1.6842105263157894,0.0,0.0
G14,2014,0.9,39.900000000000006,0.0,0.0
G14,2015,2.0392964718282323,269.1473230338929,0.0,0.0
G14,2016,2.821570734944002,136.24351014519948,0.0,0.0
G14,2017,4.186788048552755,147.36092436974792,219805.3333333333,0.3333333333333333
G14,2018,1.4042492595124174,63.225620870357716,640768.4545454546,1.1818181818181819
G14,2019,2.8713286713286714,287.8289044289044,0.0,0.0
G14,2020,5.346354299295475,143.75411255411257,122050.22222222222,0.2222222222222222
G14,2021,4.328861613999587,162.86364806862719,305935.60000000003,0.4
G14,2022,2.0447467565114623,31.468810274692633,0.0,0.0
G14,2023,5.0438207217618976,54.53350244526715,149617.14285714284,0.14285714285714285
G14,2024,3.6974941724941726,26.396003996003998,355096.1538461539,0.23076923076923078
G14,2025,8.232328782328782,5.724553224553224,481378.15686274506,0.6274509803921569
G14,2026,2.8498334740594804,0.47593582887700536,0.0,0.0
G15,2010,13.348870931935448,1344.8551583720937,0.0,0.0
G15,2011,16.70407958055017,985.4109028226676,0.0,0.0
G15,2012,20.85787134860025,1334.9463066771252,0.0,0.0
G15,2013,22.193351831169434,1537.5161972404485,0.0,0.0
G15,2014,28.941540311776887,1471.3048852149554,0.0,0.0
G15,2015,50.82155503950636,3359.9093013909924,0.0,0.0
G15,2016,49.569172941295705,2682.1504070098695,0.0,0.0
G15,2017,61.0017404164463,2804.685344883874,3680934.9905483406,6.668326118326118
G15,2018,73.10581947927487,3223.8953908436574,4476739.938827839,7.435409035409036
G15,2019,90.23334629422864,3751.385059352412,4573924.464285715,9.003246753246753
G15,2020,105.99219767343855,3830.63384491758,8323933.142969604,11.882208726945569
G15,2021,133.11362056286742,3268.2102103652314,4630331.190079365,8.056547619047619
G15,2022,137.96841722948534,2840.394653549065,6474167.912987012,10.676334776334777
G15,2023,121.21539789330038,1710.834058721636,13631665.972122323,16.944444444444443
G15,2024,91.27513772605104,854.1740002859198,10329111.275019424,11.980244755244755
G15,2025,121.98398635678046,347.8214652598863,5243887.866231979,8.171068267817494
G15,2026,64.65373316147814,18.918349778502556,6338594.868831169,9.836075036075036
G15,2027,0.0,0.0,4620972.872086247,4.020920745920746
G16,2010,1.0,0.0,0.0,0.0
G16,2011,0.25,8.0,0.0,0.0
G16,2013,1.0,15.0,0.0,0.0
G16,2014,1.1428571428571428,3.8571428571428568,0.0,0.0
G16,2015,2.5333333333333337,135.53333333333333,0.0,0.0
G16,2016,4.392857142857142,45.89285714285714,0.0,0.0
G16,2017,3.4,74.3,0.0,0.0
G16,2018,0.5,21.5,0.0,0.0
G16,2019,0.6666666666666666,18.0,0.0,0.0
G16,2020,0.3333333333333333,94.66666666666666,0.0,0.0
G16,2021,2.0,20.0,79070.66666666667,0.13333333333333333
G16,2022,0.9464285714285714,15.982142857142856,0.0,0.0
G16,2023,3.277777777777778,24.0,339015.56043956045,0.43956043956043955
G16,2024,1.4,0.0,2361684.2871794873,2.4974358974358974
G16,2025,2.2857142857142856,5.0,0.0,0.0
G16,2026,1.0,2.0,0.0,0.0
G17,2010,0.2222222222222222,8.444444444444445,0.0,0.0
G17,2013,0.6752136752136753,51.05128205128205,0.0,0.0
G17,2014,0.55,16.5,0.0,0.0
G17,2015,0.5718954248366013,29.330065359477125,0.0,0.0
G17,2016,2.2282051282051283,97.05897435897435,0.0,0.0
G17,2017,3.0587745587745587,193.14185814185814,0.0,0.0
G17,2018,3.3331476530005943,148.54950237670826,0.0,0.0
G17,2019,2.193019312988353,118.20252837977294,354391.4285714286,0.5714285714285714
G17,2020,4.609432672590568,167.3518113465482,0.0,0.0
G17,2021,3.29438061938062,48.52714785214785,273167.14285714284,0.42857142857142855
G17,2022,5.875269338504633,78.28874703727645,0.0,0.0
G17,2023,3.6547619047619047,83.85714285714286,324344.3,0.7
G17,2024,4.478744939271255,9.770850202429152,0.0,0.0
G17,2025,2.538095238095238,4.938095238095238,0.0,0.0
G17,2026,3.018772309561783,2.2593984962406015,0.0,0.0
G18,2018,0.25,41.75,0.0,0.0
G18,2020,0.3181818181818182,61.72727272727273,0.0,0.0
G18,2021,0.0,0.0,91055.71428571428,0.14285714285714285
G18,2023,0.6666666666666666,0.6666666666666666,0.0,0.0
G18,2024,1.7166666666666668,13.933333333333334,590111.746031746,0.5079365079365079
G18,2025,1.457142857142857,3.714285714285714,0.0,0.0
G19,2010,1.2857142857142856,5.0,0.0,0.0
G19,2011,1.0095238095238095,20.961904761904762,0.0,0.0
G19,2014,0.5,11.5,0.0,0.0
G19,2015,1.4285714285714286,47.14285714285714,0.0,0.0
G19,2016,1.7948717948717947,8.76923076923077,0.0,0.0
G19,2017,1.0,43.0,0.0,0.0
G19,2018,3.6880570409982174,144.29233511586455,0.0,0.0
G19,2019,0.5307692307692308,9.430769230769231,132896.7857142857,0.21428571428571427
G19,2020,2.0166666666666666,60.483333333333334,332233.3333333334,0.5555555555555556
G19,2021,5.651282051282051,161.9018315018315,0.0,0.0
G19,2022,6.1083333333333325,78.625,0.0,0.0
G19,2023,4.502162362920877,64.95123640549336,215285.88333333333,2.033333333333333
G19,2024,3.231746031746032,10.253968253968253,630557.0,1.0
G19,2025,2.263690476190476,5.469047619047618,750195.8578947368,1.1105263157894738
G19,2026,2.55619574298064,0.0,0.0,0.0
G20,2010,1.0543956043956044,120.88076923076923,0.0,0.0
G20,2011,2.058220211161388,24.188235294117646,0.0,0.0
G20,2012,0.957042957042957,148.3176823176823,0.0,0.0
G20,2013,2.2853669319186563,104.41114058355438,0.0,0.0
G20,2014,1.8282702804441935,64.02961289917812,0.0,0.0
G20,2015,2.015322847946687,123.52216261550628,0.0,0.0
G20,2016,4.154711954711955,184.00999000999002,0.0,0.0
G20,2017,2.6277056277056277,101.60692640692642,0.0,0.0
G20,2018,4.053557553557553,163.1222666222666,79030.28571428571,0.2857142857142857
G20,2019,3.121240601503759,73.11184210526315,0.0,0.0
G20,2020,3.4466666666666668,136.96666666666667,0.0,0.0
G20,2021,5.604533505709976,97.05488256841197,0.0,0.0
G20,2022,4.908989050165521,73.4291571173924,0.0,0.0
G20,2023,3.6228279030910606,28.50687134502924,1972317.5929487178,4.386217948717949
G20,2024,6.788571428571429,54.18571428571428,0.0,0.0
G20,2025,5.716810966810967,14.453463203463205,179088.94736842104,0.2631578947368421
G20,2026,4.030710835058661,2.2063492063492065,5081870.0,1.0
