institution,articles
The Netherlands Cancer Institute,218
Radboud University Medical Center,176
University Medical Center Utrecht,153
Erasmus MC,138
Amsterdam University Medical Centers,136
Radboud University Nijmegen,130
Maastricht University Medical Centre,111
University Medical Center Groningen,109
Maastricht University,109
Leiden University Medical Center,105
Tilburg University,101
Erasmus MC Cancer Institute,95
Cancer Center Amsterdam,89
Utrecht University,86
Catharina Ziekenhuis,83
University of Amsterdam,80
Amsterdam UMC Location Vrije Universiteit Amsterdam,67
Amsterdam UMC Location University of Amsterdam,64
University of Twente,59
University of Groningen,58
Amsterdam Public Health,54
Vrije Universiteit Amsterdam,46
Elisabeth-TweeSteden Ziekenhuis,40
Leiden University,33
Zuyderland Medisch Centrum,29
St. Antonius Ziekenhuis,28
Radboud Institute for Health Sciences,23
Medisch Spectrum Twente,22
Amphia Ziekenhuis,21
Máxima Medisch Centrum,21
Institute of Cancer Research,20
Wageningen University & Research,19
Centrum voor Gynaecologische Oncologie Amsterdam,18
Stichting Haaglanden Medisch Centrum,18
Diakonessenhuis hospital,18
Jeroen Bosch Ziekenhuis,17
Gelre Hospitals,17
Isala,17
Canisius-Wilhelmina Ziekenhuis,16
Rijnstate Hospital,15
Ziekenhuis Groep Twente,15
Medisch Centrum Haaglanden,14
Albert Schweitzer Ziekenhuis,14
Flevoziekenhuis,14
VieCuri Medisch Centrum,13
OLVG,13
Meander Medisch Centrum,13
Radiotherapiegroep,11
Maasstad Ziekenhuis,11
Ghent University Hospital,11
Erasmus University Rotterdam,11
Royal Marsden NHS Foundation Trust,11
Medizinische Hochschule Brandenburg Theodor Fontane,10
Sint Franciscus Gasthuis,10
German Cancer Research Center,10
Maastro Clinic,9
Amsterdam Movement Sciences,9
Oslo University Hospital,8
Spaarne Ziekenhuis,8
Oncode Institute,8
Cancer Research Institute Ghent,8
Noordwest Ziekenhuisgroep,8
The University of Melbourne,7
Amsterdam University of Applied Sciences,7
Eindhoven Cancer Registry,7
University Medical Center Hamburg-Eppendorf,7
King's College London,7
Instituut Verbeeten,7
Spaarne Gasthuis,7
University of Southampton,7
University of Edinburgh,7
Helen Dowling Instituut,7
Amsterdam Gastroenterology Endocrinology Metabolism,6
Reinier de Graaf Hospital,6
Alrijne Ziekenhuis,6
Copenhagen University Hospital,6
University of Copenhagen,6
University of Helsinki,6
Franciscus Vlietland,6
University of Antwerp,6
Elkerliek Ziekenhuis,6
University College London,6
Karolinska Institutet,6
Universitair Ziekenhuis Leuven,6
Heidelberg University,6
Deventer Ziekenhuis,6
St. Anna Ziekenhuis,6
Tergooi,6
Danish Cancer Society,5
Dutch Institute for Clinical Auditing,5
Edith Cowan University,5
National Institutes of Health,5
Martini Ziekenhuis,5
Medisch Centrum Leeuwarden,5
National Institute for Public Health and the Environment,5
National Center for Tumor Diseases,5
Radiotherapeutisch Instituut Friesland,5
Sidney Kimmel Comprehensive Cancer Center,5
Princess Máxima Center,5
Bravis Ziekenhuis,5
National Cancer Institute,5
Rode Kruis Ziekenhuis,5
KU Leuven,5
Division of Cancer Epidemiology and Genetics,5
University of Utah,5
University of Cambridge,5
University of Oslo,5
Herlev Hospital,5
Gentofte Hospital,5
Johns Hopkins University,5
University of Alberta,5
University of Glasgow,5
University Hospital Heidelberg,4
HAN University of Applied Sciences,4
Huntsman Cancer Institute,4
"University of California, Los Angeles",4
Aarhus University,4
University of Southern California,4
University of Southern Denmark,4
Ziekenhuis Rivierenland,4
Amsterdam Neuroscience,4
Borstkankervereniging Nederland,4
Alexander Monro Ziekenhuis,4
Antwerp University Hospital,4
Monash University,4
Pomeranian Medical University,4
Radboud Institute for Molecular Life Sciences,4
Universitätsklinikum Erlangen,4
Royal Marsden Hospital,4
Odense University Hospital,4
Mayo Clinic,4
Memorial Sloan Kettering Cancer Center,4
Norwegian University of Science and Technology,4
Stockholm South General Hospital,4
Treant Zorggroep,4
Institut Gustave Roussy,4
Helsinki University Hospital,4
Central Institute of Mental Health,4
Care and Public Health Research Institute,4
Charles University,4
Ikazia Ziekenhuis,4
Yale University,3
Oregon Health & Science University,3
Ontario Institute for Cancer Research,3
LabCorp (United States),3
Moffitt Cancer Center,3
Levanger Hospital,3
Imperial College London,3
Iuliu Hațieganu University of Medicine and Pharmacy,3
Johns Hopkins Medicine,3
Monash Health,3
Santeon (Netherlands),3
University Cancer Center Hamburg,3
University of Bristol,3
Helse Nord-Trøndelag HF,3
University of Bonn,3
GZA Ziekenhuizen Campus Sint-Augustinus,3
Friedrich-Alexander-Universität Erlangen-Nürnberg,3
GZA Ziekenhuizen,3
Dutch Expert Centre for Screening,3
University of Toronto,3
Örebro University Hospital,3
Admiraal De Ruyter Ziekenhuis,3
University of South-Eastern Norway,3
Dalhousie University,3
University of Manchester,3
Comprehensive Cancer Center Erlangen,3
Centre Hospitalier Universitaire Sainte-Justine,3
Karolinska University Hospital,3
VIB-KU Leuven Center for Cancer Biology,3
Queensland University of Technology,3
Nord University,3
Wilfrid Laurier University,3
Edinburgh Cancer Research,3
Dijklander Ziekenhuis,3
Emma Kinderziekenhuis,3
Peter MacCallum Cancer Centre,3
University of Regensburg,2
University of Oxford,2
Aalborg University Hospital,2
University of Newcastle Australia,2
University of North Carolina at Chapel Hill,2
Fondazione IRCCS Istituto Nazionale dei Tumori,2
GGZ inGeest,2
Kliniken Essen-Mitte,2
University College Dublin,2
Universidad Europea de Madrid,2
Universitat de Barcelona,2
University Hospital Hradec Králové,2
University Hospital Zurich,2
University of California San Diego,2
University of Agder,2
University of Birmingham,2
Ghent University,2
General University Hospital in Prague,2
Hospices Civils de Lyon,2
Hôpital Lyon Sud,2
HiLIFE – Elämäntieteiden Instituutti,2
Groene Hart Ziekenhuis,2
Guy's and St Thomas' NHS Foundation Trust,2
Eurac Research,2
Erasmus MC - Sophia Children’s Hospital,2
East Suffolk and North Essex NHS Foundation Trust,2
University of Pittsburgh,2
University of Tübingen,2
University of Turin,2
University of Hawaii Cancer Center,2
University of Cape Town,2
Dan L Duncan Comprehensive Cancer Center,2
Dana-Farber Cancer Institute,2
"University of Maryland, Baltimore",2
Complejo Hospitalario de Navarra,2
Candiolo Cancer Institute,2
Caritas-Krankenhaus St. Josef,2
Imperial College Healthcare NHS Trust,2
Institute for Biomedicine,2
OHSU Knight Cancer Institute,2
Loughborough University,2
PAMM,2
Penn State Cancer Institute,2
McGill University,2
Lyon 1 Université,2
Iridium Kankernetwerk,2
IJsselland Ziekenhuis,2
TiFN,2
Innsbruck Medical University,2
Tjongerschans,2
The Maria Sklodowska-Curie National Research Institute of Oncology,2
The University of Queensland,2
Sørlandet Sykehus,2
St. Luke's Hospital,2
St.Jans Gasthuis Weert,2
Institute for Molecular Medicine Finland,2
Pharmo Institute,2
Ziekenhuis Bernhoven,2
Rotkreuzklinikum München,2
Murdoch Children's Research Institute,2
Netherlands Institute for Health Services Research,2
Rigshospitalet,2
Ziekenhuis Gelderse Vallei,2
Universitätsklinikum Tübingen,2
Universität Innsbruck,2
Universität Hamburg,2
Weston Park Cancer Centre,2
Ziekenhuis Bethesda,2
Baylor College of Medicine,2
Apollo Proton Cancer Centre,2
Barts Health NHS Trust,2
American Institute for Cancer Research,1
Amsterdam Cardiovascular Sciences,1
Amsterdam Reproduction Development,1
Anglia Ruskin University,1
Antonius Ziekenhuis,1
Arbeitsgemeinschaft Gynäkologische Onkologie Studiengruppe,1
Arcispedale Sant'Anna,1
Arla Foods (Denmark),1
Beijing Institute of Genomics,1
Bispebjerg Hospital,1
Broad Institute,1
CHU de Québec-Université Laval,1
Cancer Council Victoria,1
Cancer Registry of Norway,1
University of Vienna,1
University of Zurich,1
Université Laval,1
Université Paris Sciences et Lettres,1
Université Paris-Saclay,1
Université de Lyon,1
Université du Québec à Montréal,1
Uppsala University,1
Valio (Finland),1
Vejle Sygehus,1
Weill Cornell Medicine,1
Wilhelmina Children's Hospital,1
Zaans Medisch Centrum,1
Zealand University Hospital,1
Zealand University Hospital Køge,1
Zhejiang Shuren University,1
Alberta Health Services,1
Public Health England,1
Regionshospitalet Herning,1
"Roessingh, Centrum voor Revalidatie",1
Rotterdam University of Applied Sciences,1
Rumah Sakit Umum Pusat Dr. Sardjito,1
Samsung Medical Center,1
Seoul National University,1
Seoul National University Hospital,1
Skåne University Hospital,1
Montreal General Hospital,1
Moores Cancer Center,1
National Cancer Centre Japan,1
National Institute for Health and Care Research,1
Netherlands Heart Institute,1
ORCID,1
Ommelander Ziekenhuis Groningen,1
Open University of the Netherlands,1
Otto-von-Guericke-Universität Magdeburg,1
Penn State Milton S. Hershey Medical Center,1
Pennsylvania State University,1
Lifelines,1
Lillebaelt Hospital,1
Living With Hope,1
Lund University,1
Luxembourg Institute of Science and Technology,1
MRC Clinical Trials Unit at UCL,1
Marie Curie,1
McMaster University,1
Medical Research Council,1
Medical University of Graz,1
Medical University of Vienna,1
Mercy Hospital for Women,1
Ss. Cyril and Methodius University in Skopje,1
St George’s University Hospitals NHS Foundation Trust,1
St James's University Hospital,1
St Olav's University Hospital,1
Stanley Center for Psychiatric Research,1
Sysmex (Germany),1
Södra Älvsborg Hospital,1
Tawam Hospital,1
Technische Universität Dresden,1
The Christie NHS Foundation Trust,1
The University of Adelaide,1
The University of Texas MD Anderson Cancer Center,1
The University of Texas at San Antonio Health Science Center,1
Thomas Jefferson University,1
UCL Biomedical Research Centre,1
UCLA Jonsson Comprehensive Cancer Center,1
Hôpital de la Croix-Rousse,1
Hôpital privé du Confluent,1
IPCOS (Netherlands),1
Inserm,1
Institut Català d'Oncologia,1
Institut d'Investigació Biomédica de Bellvitge,1
Institut de Cancérologie de Lorraine,1
Institute of Oncology Ljubljana,1
Ipswich Hospital,1
Khalifa University of Science and Technology,1
La Trobe University,1
United Arab Emirates University,1
Universitair Ziekenhuis Brussel,1
Universitas Gadjah Mada,1
University Hospital Carl Gustav Carus,1
University Hospital Innsbruck,1
University Hospital Leipzig,1
University Hospital of Geneva,1
University of Applied Sciences Utrecht,1
University of Arkansas for Medical Sciences,1
University of Bergen,1
University of Bern,1
University of Calgary,1
GenomeScan (Netherlands),1
George Washington University,1
Glasgow Royal Infirmary,1
Groupe Hospitalier Diaconesses Croix Saint-Simon,1
Guy's Hospital,1
Haga Hospital,1
Halmstad University,1
Harvard University,1
Hasselt University,1
Helmholtz-Zentrum Dresden-Rossendorf,1
Holland Particle Therapy Center,1
Hospital Clínic de Barcelona,1
Hovon,1
Hubrecht Institute for Developmental Biology and Stem Cell Research,1
Hôpital Foch,1
Duke Cancer Institute,1
Duke University,1
European Molecular Biology Laboratory,1
Finnish Cancer Institute,1
Flinders University,1
Freemasons Foundation Centre for Men's Health,1
Cancer Research UK,1
Cancer Research UK Scotland Institute,1
Centre François Baclesse,1
Centre Hospitalier Universitaire de Toulouse,1
Centre de recherche du CHU de Québec-Université Laval,1
Centre de recherche public Henri-Tudor,1
Centre for Human Genetics,1
Centre pour l'innovation en cancérologie de Lyon,1
Chinese Academy of Sciences,1
Chinese University of Hong Kong,1
"Chinese University of Hong Kong, Shenzhen",1
City University of Hong Kong,1
Consorci Institut D'Investigacions Biomediques August Pi I Sunyer,1
De Hoogstraat Revalidatie,1
Demartino Public Hospital,1
"University of California, Davis",1
University of Colorado Anschutz,1
University of Graz,1
University of Iceland,1
University of Lübeck,1
University of Technology Sydney,1
Ziekenhuis Oost-Limburg,1
Albert Schweitzer Hospital,1
ZorgSaam,1
Agora,1
Aarhus University Hospital,1
