goal_id,title_en,title_nl,theme,featured,ambition,funding_eur,funding_eur_iknl,funding_eur_iknl_involved,projects,projects_any,articles,articles_any,articles_iknl,articles_kwf,articles_iknl_kwf,citations,mean_fwci,share_top10,share_oa,policy_citations,share_policy,citations_per_meur,funding_share
G01,Smoking behaviour,Rookgedrag,prevention,True,"By 2032, the number of smokers is reduced to 5% of adults and 0% of young people and pregnant women",4518660.763614164,0.0,87922.13333333333,8.734310134310133,13,105.21545285387296,135,1.9249999999999998,105.21545285387296,1.9249999999999998,2425.2697184561725,1.629166996728498,0.15056715864217196,0.9405683037760169,180.9438402839813,0.4644790967088193,536.7231233610835,0.008413576631746779
G02,Alcohol consumption,Alcoholgebruik,prevention,False,"By 2032, pregnant women and under-18s do not drink alcohol; among adults, 65% do not drink alcohol or no more than one glass a day",861334.5714285715,0.0,0.0,1.5714285714285712,4,32.14198894735391,76,4.468604455512182,32.14198894735391,4.468604455512182,1732.7193022137017,3.3890500178392338,0.3119541265017372,0.968888048538691,8.731472971472972,0.1615103281183398,2011.6681248958694,0.0016037726223313029
G03,UV radiation,UV-straling,prevention,False,"By 2032, the number of people applying safe sun behaviour advice will have increased by at least 15%",1914511.9777777777,0.0,0.0,3.511111111111111,5,6.722222222222222,8,0.0,6.722222222222222,0.0,103.5,1.2809082644628098,0.0,0.7768595041322314,3.0,0.2975206611570248,54.06077433902245,0.003564749398126278
G04,Infectious diseases,Infectieziekten,prevention,False,"By 2032, infections with the HPV virus, and other infectious diseases that can lead to cancer, are prevented as much as possible",11249297.111305362,0.0,0.0,10.499608724608725,19,143.65878265611238,200,1.1666666666666665,143.65878265611238,1.1666666666666665,7515.523815159729,3.5859513668358445,0.4441912685890482,0.9370532244832969,33.99321756674698,0.11582756023516272,668.0883028333164,0.020945768724526664
G05,Environmental and air pollution,Milieu- en luchtvervuiling,prevention,False,"By 2032, people are less exposed to environmental and air pollution",699454.0,0.0,0.0,1.0,1,8.121212121212121,13,0.0,8.121212121212121,0.0,469.19191919191917,3.8884412979351035,0.3830845771144279,0.9110696517412935,14.11111111111111,0.2599502487562189,670.7973922401175,0.0013023570781788185
G06,Nutrition and exercise,Voeding en bewegen,prevention,False,"By 2032, people eat healthier and exercise enough",5429283.414502164,0.0,0.0,8.385714285714286,16,165.44597326013405,309,24.498541231767437,165.44597326013405,24.498541231767437,6593.531361513837,2.6675120423812078,0.30034460511599004,0.9393519047324386,144.28895054858148,0.2695422011342704,1214.4386023212287,0.010109121806889028
G07,Hereditary predisposition,Erfelijke aanleg,early_detection,False,"By 2032, people who may have a hereditary predisposition can make informed choices for hereditary testing",25913441.49044436,0.0,432447.27272727276,23.61500190985485,33,357.6274535358714,425,7.716666666666667,357.6274535358714,7.716666666666667,14111.884113342709,3.222584190228321,0.3669762239035358,0.9156071829559334,127.10233883763296,0.1746227095940097,544.577767431875,0.048249854808254555
G08,Early detection,Vroege opsporing,early_detection,True,"By 2032, disadvantages and barriers to participating in early cancer detection are reduced",27258683.31766306,0.0,417688.5,37.84199876920466,69,398.97124856182836,591,15.709838321293429,398.97124856182836,15.709838321293429,20911.555768278587,4.256068577767393,0.3664004271558574,0.9121761840847348,336.88262671281245,0.23197644427197572,767.1520859823898,0.050754644566466646
G09,Diagnostics,Diagnostiek,care,True,"By 2032, people with cancer will have a personalised diagnosis (more) quickly with minimal burden",111815673.49093464,836408.0384615385,2534908.305128205,156.49508847705442,256,1355.9987757862439,1845,36.5789931612994,1355.9987757862439,36.5789931612994,71998.06881683502,3.983213249659942,0.3665464454911379,0.9442970161316099,250.34334726161353,0.08965821783858027,643.8996123622347,0.20819658451056167
G10,Treatment,Behandeling,care,False,"By 2032, people with cancer will have access to the best possible personalised treatment with minimal burden",207365712.61562392,237146.5,3227081.9242424243,305.037364441544,432,1634.6919505009569,2280,109.24867864686738,1634.6919505009569,109.24867864686738,85559.40797307937,4.169799008844361,0.3598492251577952,0.9116772062658857,496.79444033839377,0.13608019492343412,412.60151880399593,0.3861071687295412
G11,Innovations,Innovaties,care,False,"By 2032, innovative and effective diagnostic and treatment methods are more readily available",15778134.247619046,0.0,0.0,10.787301587301588,22,71.16671686170298,157,3.8147016745671363,71.16671686170298,3.8147016745671363,2248.8859601059758,3.7972713810699523,0.31667137099278814,0.9512880905634107,52.172935028194495,0.2458587170730229,142.5318053967843,0.029378293380039704
G12,Rare cancers,Zeldzame kankers,care,True,"By 2032, survival and quality of life of people with or after a rare form of cancer has improved",23629518.836700805,1488450.0,1488450.0,27.47499861249861,55,132.3936328377505,210,4.377878330819508,132.3936328377505,4.377878330819508,3769.4824688383505,3.0182772610380746,0.39406231467060626,0.9368765500423679,27.86717171717172,0.16191440122129075,159.524300722691,0.04399727660566244
G13,Palliative care,Palliatieve zorg,care,False,"By 2032, people with incurable cancer will receive proactive palliative care and support based on their values, wishes and needs",12248823.072391206,950910.125,4300127.291666666,19.96288163590795,32,92.64328237122355,130,6.983617036558213,92.64328237122355,6.983617036558213,1837.750836255248,2.6761528810453368,0.30715613320919255,0.8894505202694772,39.99155354449472,0.1789108336145965,150.03489113966634,0.022806848524261368
G14,Lifestyle support,Leefstijlondersteuning,care,False,"By 2032, people with or after cancer are supported to maintain or acquire a healthy(er) lifestyle",2274651.063667052,0.0,219805.3333333333,3.138451091392268,9,36.05742994539594,109,11.30693022409606,36.05742994539594,11.30693022409606,1336.127097524992,2.9087552351526966,0.3250955527163108,0.9280559471102832,24.18744387541409,0.31095483655965434,587.398708692915,0.004235314850088445
G15,(Late) effects,(Late) gevolgen,quality_of_life,True,"By 2032, good care and support is available for people who live with or after cancer to prevent and reduce the impact of the (late) effects of cancer",72324264.49398902,1519386.4615384615,7700765.507425907,104.67482627881233,219,762.117945673384,1146,130.33741841850434,762.117945673384,130.33741841850434,26484.99375239436,2.9616442980787028,0.34899606529119254,0.9218009701410387,398.34725472428977,0.22444387482077013,366.19789966333593,0.13466506416122234
G16,Education and cancer,Onderwijs en kanker,quality_of_life,False,"By 2032, people living with or after cancer can be educated according to their own wishes, needs and coping ability",2779770.5142857144,0.0,0.0,3.07032967032967,8,18.628968253968253,32,0.5,18.628968253968253,0.5,434.73214285714283,2.0203663715547067,0.15784428586643945,0.7852806475663011,6.777777777777778,0.11034188944509532,156.39137857710924,0.005175828296060605
G17,Work and cancer,Werk en kanker,quality_of_life,True,"By 2032, people living with or after cancer will be able to work according to their own wishes, needs and ability to cope",951902.8714285714,0.0,273167.14285714284,1.7,3,25.998748271851984,57,4.927092695745948,25.998748271851984,4.927092695745948,853.1145681416966,2.9583648548544508,0.3323146735593653,0.9654815728798944,31.09984999091036,0.5318572520068502,896.2201856386692,0.0017724073954023306
G18,Financial implications,Financiële gevolgen,quality_of_life,False,"By 2032, people living with or after cancer experience as few negative financial consequences as possible",681167.4603174604,0.0,91055.71428571428,0.6507936507936507,3,2.802380952380952,5,0.25,2.802380952380952,0.25,49.70238095238095,5.258224723874258,0.5480033984706881,1.0,0.75,0.08920985556499576,72.96646397233508,0.001268308228088672
G19,Loved ones and informal caregivers,Naasten en mantelzorgers,quality_of_life,False,"By 2032, care and support for loved ones and informal caregivers is available",2061168.860275689,36588.5,36588.5,4.913700918964077,11,18.437875845344884,30,1.6883040935672515,18.437875845344884,1.6883040935672515,384.41783559577675,2.222946392532351,0.3159124701141424,0.8895906284004915,4.354166666666666,0.16383846808991398,186.50477552060406,0.0038378190052552586
G20,Social-emotional support,Sociaal-emotionele steun,quality_of_life,False,"In 2032, people with or after cancer and their loved ones feel socially and emotionally supported by society",7312306.826031424,27441.375,27441.375,5.935090129169077,10,38.15795854118882,91,4.5010683760683765,38.15795854118882,4.5010683760683765,1222.1401692630307,3.095697497677007,0.39340092480236366,0.8919210261584428,25.26050104273388,0.27879532723578976,167.1346947467079,0.013615240677295885
