goal_id,title_en,title_nl,theme,featured,ambition,funding_eur,funding_eur_iknl,funding_eur_iknl_involved,projects,projects_any,articles,articles_any,articles_iknl,articles_kwf,articles_iknl_kwf,citations,mean_fwci,share_top10,share_oa,policy_citations,citations_per_meur,funding_share
G01,Smoking behaviour,Rookgedrag,prevention,True,"By 2032, the number of smokers is reduced to 5% of adults and 0% of young people and pregnant women",4518660.763614164,0.0,87922.13333333333,8.734310134310133,13,114.44169213746521,155,10.83608776844071,105.53060436902447,1.9249999999999998,2802.1964479358435,1.7517672608059798,0.17561386031300386,0.9395342783778929,,620.1387080216574,0.008413576631746779
G02,Alcohol consumption,Alcoholgebruik,prevention,False,"By 2032, pregnant women and under-18s do not drink alcohol; among adults, 65% do not drink alcohol or no more than one glass a day",861334.5714285715,0.0,0.0,1.5714285714285712,4,45.13204904635363,103,16.45866455451191,33.1419889473539,4.468604455512182,3405.1165817315696,7.754715339888619,0.3228608061186887,0.9310225149561039,,3953.3030423752684,0.0016037726223313029
G03,UV radiation,UV-straling,prevention,False,"By 2032, the number of people applying safe sun behaviour advice will have increased by at least 15%",1914511.9777777777,0.0,0.0,3.511111111111111,5,7.472222222222222,9,0.75,6.722222222222222,0.0,223.5,4.722182899628253,0.10037174721189591,0.7992565055762082,,116.73993299296151,0.003564749398126278
G04,Infectious diseases,Infectieziekten,prevention,False,"By 2032, infections with the HPV virus, and other infectious diseases that can lead to cancer, are prevented as much as possible",11249297.111305362,0.0,0.0,10.499608724608725,19,156.93150992883966,219,9.138095238095238,148.96008135741107,1.1666666666666665,7591.552386588299,3.481276117752107,0.41026435999118366,0.9396461005458789,,674.8468203367935,0.020945768724526664
G05,Environmental and air pollution,Milieu- en luchtvervuiling,prevention,False,"By 2032, people are less exposed to environmental and air pollution",699454.0,0.0,0.0,1.0,1,17.939393939393938,23,0.0,17.939393939393938,0.0,573.7373737373737,3.30026370523416,0.34065315315315314,0.9597409909909911,,820.2646260331253,0.0013023570781788185
G06,Nutrition and exercise,Voeding en bewegen,prevention,False,"By 2032, people eat healthier and exercise enough",5429283.414502164,0.0,0.0,8.385714285714286,16,228.5943934424629,408,83.31362808076297,169.77930659346737,24.498541231767437,8998.944467564992,3.0890257337039126,0.28010135757929083,0.897087042315505,,1657.4829089835139,0.010109121806889028
G07,Hereditary predisposition,Erfelijke aanleg,early_detection,False,"By 2032, people who may have a hereditary predisposition can make informed choices for hereditary testing",25913441.49044436,0.0,432447.27272727276,23.61500190985485,33,380.2917392501571,452,24.416666666666668,363.59173925015705,7.716666666666667,14864.767446676042,3.4052339078340523,0.3587792170607211,0.9166924100990049,,573.6315437745874,0.048249854808254555
G08,Early detection,Vroege opsporing,early_detection,True,"By 2032, disadvantages and barriers to participating in early cancer detection are reduced",27258683.31766306,0.0,417688.5,37.84199876920466,69,625.6513903833711,878,232.78593973879578,408.5752889658688,15.709838321293429,38547.56657529063,4.518472270391026,0.30441971323940464,0.8597484624268138,,1414.1389782503768,0.050754644566466646
G09,Diagnostics,Diagnostiek,care,True,"By 2032, people with cancer will have a personalised diagnosis (more) quickly with minimal burden",111815673.49093464,836408.0384615385,2534908.305128205,156.49508847705442,256,1559.0144938801943,2148,204.98298409352262,1390.6105029479709,36.5789931612994,79399.19858459276,3.8837045606914673,0.342087828847757,0.9318509232365416,,710.0900625620251,0.20819658451056167
G10,Treatment,Behandeling,care,False,"By 2032, people with cancer will have access to the best possible personalised treatment with minimal burden",207365712.61562392,237146.5,3227081.9242424243,305.037364441544,432,2560.2312217580406,3383,985.5061428221442,1683.973757582764,109.24867864686738,106051.40071417499,3.496367668041034,0.2971174812194755,0.8685514955739275,,511.4220638334429,0.3861071687295412
G11,Innovations,Innovaties,care,False,"By 2032, innovative and effective diagnostic and treatment methods are more readily available",15778134.247619046,0.0,0.0,10.787301587301588,22,105.40492686807087,218,35.65291168093504,73.56671686170296,3.8147016745671363,2626.4283169596483,3.216383093789329,0.26145687463476713,0.9434481922434235,,166.4600057104966,0.029378293380039704
G12,Rare cancers,Zeldzame kankers,care,True,"By 2032, survival and quality of life of people with or after a rare form of cancer has improved",23629518.836700805,1488450.0,1488450.0,27.47499861249861,55,221.5882450023317,334,90.97350059641082,134.99262273674037,4.377878330819508,6542.213321198925,2.7892427178125936,0.34406084840552026,0.8950434267986637,,276.8661252229019,0.04399727660566244
G13,Palliative care,Palliatieve zorg,care,False,"By 2032, people with incurable cancer will receive proactive palliative care and support based on their values, wishes and needs",12248823.072391206,950910.125,4300127.291666666,19.96288163590795,32,227.5264279163576,316,139.5798060599531,94.93023889296268,6.983617036558213,3930.2208565127685,2.260499816125663,0.2633759978951957,0.8076957282281564,,320.86518298819004,0.022806848524261368
G14,Lifestyle support,Leefstijlondersteuning,care,False,"By 2032, people with or after cancer are supported to maintain or acquire a healthy(er) lifestyle",2274651.063667052,0.0,219805.3333333333,3.138451091392268,9,49.11836500448891,142,24.03453194985568,36.39076327872927,11.30693022409606,1467.530594296538,2.4122994953778094,0.26158912461141587,0.9093768592705624,,645.1673479670661,0.004235314850088445
G15,(Late) effects,(Late) gevolgen,quality_of_life,True,"By 2032, good care and support is available for people who live with or after cancer to prevent and reduce the impact of the (late) effects of cancer",72324264.49398902,1519386.4615384615,7700765.507425907,104.67482627881233,219,1202.9798387781852,1717,551.0005909202373,782.3166662764526,130.33741841850434,35367.045536685924,2.6740301401320656,0.2933075608103031,0.896358674807107,,489.00663953002015,0.13466506416122234
G16,Education and cancer,Onderwijs en kanker,quality_of_life,False,"By 2032, people living with or after cancer can be educated according to their own wishes, needs and coping ability",2779770.5142857144,0.0,0.0,3.07032967032967,8,26.128968253968253,40,3.0,23.628968253968253,0.5,483.73214285714283,2.6276014457389234,0.18908041612878732,0.7512339585389931,,174.01873297495635,0.005175828296060605
G17,Work and cancer,Werk en kanker,quality_of_life,True,"By 2032, people living with or after cancer will be able to work according to their own wishes, needs and ability to cope",951902.8714285714,0.0,273167.14285714284,1.7,3,40.30193499740713,83,18.730279421301088,26.498748271851984,4.927092695745948,1057.2718481423976,2.606631151663965,0.2720059844536483,0.9529194839513794,,1110.6929917709917,0.0017724073954023306
G18,Financial implications,Financiële gevolgen,quality_of_life,False,"By 2032, people living with or after cancer experience as few negative financial consequences as possible",681167.4603174604,0.0,91055.71428571428,0.6507936507936507,3,4.4086580086580085,10,1.856277056277056,2.802380952380952,0.25,121.79155844155844,5.864788349371564,0.5263648860958365,1.0,,178.79826259580437,0.001268308228088672
G19,Loved ones and informal caregivers,Naasten en mantelzorgers,quality_of_life,False,"By 2032, care and support for loved ones and informal caregivers is available",2061168.860275689,36588.5,36588.5,4.913700918964077,11,37.56758425556884,65,19.112422441679406,20.143465907456687,1.6883040935672515,671.7815141343006,1.7528963188611917,0.24752442781238684,0.8674184318883666,,325.92260007481735,0.0038378190052552586
G20,Social-emotional support,Sociaal-emotionele steun,quality_of_life,False,"In 2032, people with or after cancer and their loved ones feel socially and emotionally supported by society",7312306.826031424,27441.375,27441.375,5.935090129169077,10,58.274944926462666,136,22.87147091041054,39.9045423921205,4.5010683760683765,1514.003732478281,2.80122641017996,0.3467758897266159,0.8617891146299191,,207.0487150632832,0.013615240677295885
