project_id,goal_id,confidence,weight,is_primary
10004,G08,0.393,0.25,False
10004,G10,0.632,0.5,True
10004,G15,0.393,0.25,False
10034,G09,0.393,0.3333333333333333,False
10034,G10,0.632,0.6666666666666666,True
10083,G10,0.632,1.0,True
10084,G09,0.393,0.5,True
10084,G15,0.393,0.5,True
10089,G08,0.393,1.0,True
10099,G10,0.632,1.0,True
10100,G10,0.528,1.0,True
10113,G06,0.393,0.3333333333333333,False
10113,G10,0.632,0.6666666666666666,True
10128,G10,0.632,1.0,True
10138,G09,0.393,0.5,True
10138,G15,0.393,0.5,True
10140,G04,0.777,0.75,True
10140,G10,0.393,0.25,False
10150,G10,0.393,1.0,True
10151,G15,0.393,1.0,True
10174,G09,0.393,0.2222222222222222,False
10174,G10,0.713,0.5555555555555556,True
10174,G15,0.393,0.2222222222222222,False
10212,G09,0.393,1.0,True
10224,G09,0.713,0.5555555555555556,True
10224,G10,0.632,0.4444444444444444,False
10246,G10,0.895,0.6923076923076923,True
10246,G12,0.632,0.3076923076923077,False
10274,G08,0.393,0.5,True
10274,G09,0.393,0.5,True
10289,G07,0.713,0.7142857142857143,True
10289,G09,0.393,0.2857142857142857,False
10291,G10,0.528,1.0,True
10321,G08,0.393,1.0,True
10325,G06,0.528,0.25,False
10325,G10,0.777,0.5,True
10325,G15,0.528,0.25,False
10328,G15,0.393,1.0,True
10351,G11,0.393,1.0,True
10355,G09,0.777,1.0,True
10382,G04,0.528,0.2727272727272727,False
10382,G09,0.528,0.2727272727272727,False
10382,G12,0.713,0.45454545454545453,True
10392,G13,0.528,0.6,True
10392,G15,0.393,0.4,False
10424,G10,0.528,0.42857142857142855,False
10424,G15,0.632,0.5714285714285714,True
10438,G09,0.826,0.5,True
10438,G10,0.713,0.35714285714285715,False
10438,G11,0.393,0.14285714285714285,False
10477,G08,0.393,0.3333333333333333,True
10477,G10,0.393,0.3333333333333333,True
10477,G15,0.393,0.3333333333333333,True
10504,G09,0.528,0.6,True
10504,G10,0.393,0.4,False
10510,G09,0.393,1.0,True
10516,G10,0.777,0.6,True
10516,G11,0.393,0.2,False
10516,G15,0.393,0.2,False
10595,G10,0.777,1.0,True
10602,G09,0.632,0.6666666666666666,True
10602,G10,0.393,0.3333333333333333,False
10603,G09,0.918,0.7692307692307693,True
10603,G10,0.528,0.23076923076923078,False
10606,G09,0.528,1.0,True
10613,G09,0.393,0.25,False
10613,G10,0.777,0.75,True
10623,G10,0.632,1.0,True
10645,G09,0.393,1.0,True
10650,G15,0.393,1.0,True
10651,G09,0.393,1.0,True
10658,G10,0.393,1.0,True
10666,G10,0.393,0.25,False
10666,G12,0.632,0.5,True
10666,G15,0.393,0.25,False
10673,G09,0.393,0.3333333333333333,False
10673,G10,0.632,0.6666666666666666,True
10674,G10,0.713,0.5,True
10674,G15,0.713,0.5,True
10684,G10,0.393,1.0,True
10690,G01,0.393,0.13333333333333333,False
10690,G10,0.632,0.26666666666666666,False
10690,G14,0.713,0.3333333333333333,True
10690,G15,0.632,0.26666666666666666,False
10698,G10,0.713,0.7142857142857143,True
10698,G15,0.393,0.2857142857142857,False
10706,G08,0.393,0.2857142857142857,False
10706,G15,0.713,0.7142857142857143,True
10713,G09,0.393,1.0,True
10726,G04,0.632,1.0,True
10747,G09,0.632,0.4444444444444444,False
10747,G10,0.713,0.5555555555555556,True
10755,G09,0.632,0.5,True
10755,G10,0.632,0.5,True
10758,G07,0.632,0.23529411764705882,False
10758,G08,0.865,0.47058823529411764,True
10758,G09,0.393,0.11764705882352941,False
10758,G10,0.528,0.17647058823529413,False
10781,G04,0.826,0.5384615384615384,True
10781,G09,0.393,0.15384615384615385,False
10781,G12,0.632,0.3076923076923077,False
10795,G10,0.895,0.8181818181818182,True
10795,G15,0.393,0.18181818181818182,False
10813,G09,0.393,1.0,True
10815,G10,0.632,1.0,True
10817,G09,0.393,1.0,True
10823,G09,0.393,0.5,True
10823,G10,0.393,0.5,True
10825,G09,0.528,0.42857142857142855,False
10825,G10,0.632,0.5714285714285714,True
10845,G10,0.632,1.0,True
10851,G10,0.632,1.0,True
10861,G10,0.632,0.5714285714285714,True
10861,G15,0.528,0.42857142857142855,False
10873,G10,0.393,1.0,True
10882,G10,0.393,1.0,True
10894,G10,0.865,1.0,True
10902,G10,0.393,1.0,True
10911,G10,0.528,1.0,True
10913,G10,0.632,1.0,True
10932,G09,0.632,0.4444444444444444,False
10932,G10,0.713,0.5555555555555556,True
10933,G08,0.393,0.3333333333333333,False
10933,G10,0.632,0.6666666666666666,True
10936,G15,0.713,1.0,True
10955,G10,0.713,1.0,True
10956,G09,0.713,0.5555555555555556,True
10956,G12,0.632,0.4444444444444444,False
10960,G14,0.393,1.0,True
10961,G10,0.713,1.0,True
10978,G09,0.393,1.0,True
10992,G09,0.393,0.4,False
10992,G10,0.528,0.6,True
10999,G10,0.393,1.0,True
11000,G09,0.393,0.4,False
11000,G10,0.528,0.6,True
11001,G04,0.393,1.0,True
11008,G10,0.393,1.0,True
11010,G08,0.393,1.0,True
11026,G09,0.393,0.5,True
11026,G10,0.393,0.5,True
11037,G10,0.393,1.0,True
11038,G09,0.632,0.6666666666666666,True
11038,G10,0.393,0.3333333333333333,False
11044,G06,0.632,0.6666666666666666,True
11044,G09,0.393,0.3333333333333333,False
11053,G06,0.393,1.0,True
11062,G15,0.713,0.7142857142857143,True
11062,G20,0.393,0.2857142857142857,False
11065,G10,0.393,1.0,True
11086,G13,0.918,0.8333333333333334,True
11086,G15,0.393,0.16666666666666666,False
11089,G09,0.632,1.0,True
11105,G08,0.895,0.6428571428571429,True
11105,G09,0.713,0.35714285714285715,False
11108,G10,0.528,1.0,True
11110,G09,0.713,0.38461538461538464,False
11110,G10,0.777,0.46153846153846156,True
11110,G15,0.393,0.15384615384615385,False
11137,G09,0.713,1.0,True
11143,G10,0.393,1.0,True
11148,G10,0.632,1.0,True
11174,G10,0.632,0.5,True
11174,G15,0.632,0.5,True
11179,G06,0.895,0.8181818181818182,True
11179,G14,0.393,0.18181818181818182,False
11219,G10,0.393,1.0,True
11251,G10,0.393,1.0,True
11266,G10,0.632,1.0,True
11289,G09,0.713,0.625,True
11289,G10,0.528,0.375,False
11292,G08,0.393,0.3333333333333333,False
11292,G09,0.632,0.6666666666666666,True
11312,G04,0.528,0.42857142857142855,True
11312,G08,0.393,0.2857142857142857,False
11312,G09,0.393,0.2857142857142857,False
11313,G09,0.632,0.5,True
11313,G10,0.632,0.5,True
11337,G04,0.528,0.2727272727272727,False
11337,G08,0.777,0.5454545454545454,True
11337,G09,0.393,0.18181818181818182,False
11349,G10,0.393,1.0,True
11350,G10,0.632,1.0,True
11351,G10,0.632,0.4444444444444444,False
11351,G15,0.713,0.5555555555555556,True
11356,G15,0.393,1.0,True
11358,G05,0.528,1.0,True
11367,G07,0.713,1.0,True
11368,G09,0.632,0.5714285714285714,True
11368,G10,0.528,0.42857142857142855,False
11387,G10,0.393,0.2857142857142857,False
11387,G15,0.713,0.7142857142857143,True
11388,G08,0.713,0.38461538461538464,True
11388,G09,0.393,0.15384615384615385,False
11388,G10,0.528,0.23076923076923078,False
11388,G15,0.528,0.23076923076923078,False
11446,G10,0.632,1.0,True
11464,G10,0.632,1.0,True
11507,G13,0.632,1.0,True
11515,G10,0.393,1.0,True
11518,G06,0.393,1.0,True
11537,G10,0.393,1.0,True
11540,G10,0.713,1.0,True
11543,G10,0.393,1.0,True
11558,G15,0.528,0.21428571428571427,False
11558,G17,0.865,0.5714285714285714,True
11558,G19,0.528,0.21428571428571427,False
11562,G10,0.777,1.0,True
11564,G10,0.393,1.0,True
11575,G09,0.393,0.2857142857142857,False
11575,G10,0.713,0.7142857142857143,True
11597,G10,0.393,0.5,True
11597,G15,0.393,0.5,True
11629,G09,0.528,1.0,True
11641,G10,0.393,1.0,True
11648,G09,0.632,1.0,True
11655,G09,0.393,0.2222222222222222,False
11655,G10,0.826,0.7777777777777778,True
11656,G15,0.713,1.0,True
11664,G10,0.393,0.2857142857142857,False
11664,G15,0.713,0.7142857142857143,True
11690,G10,0.632,1.0,True
11700,G12,0.632,1.0,True
11704,G07,0.393,0.5,True
11704,G09,0.393,0.5,True
11708,G09,0.393,0.2857142857142857,False
11708,G10,0.713,0.7142857142857143,True
11750,G10,0.713,1.0,True
11766,G10,0.393,1.0,True
11774,G10,0.393,1.0,True
11788,G15,0.393,1.0,True
11807,G10,0.393,1.0,True
11809,G09,0.936,0.7333333333333333,True
11809,G10,0.632,0.26666666666666666,False
11835,G08,0.936,1.0,True
11839,G15,0.528,1.0,True
11852,G10,0.393,1.0,True
11857,G10,0.713,1.0,True
11867,G10,0.393,1.0,True
11889,G15,0.393,1.0,True
11892,G10,0.528,1.0,True
11906,G10,0.777,0.75,True
11906,G15,0.393,0.25,False
11910,G10,0.632,1.0,True
11916,G09,0.632,1.0,True
11917,G09,0.393,0.2857142857142857,False
11917,G10,0.713,0.7142857142857143,True
11924,G10,0.777,1.0,True
11960,G09,0.393,0.2857142857142857,False
11960,G15,0.713,0.7142857142857143,True
11962,G09,0.528,0.42857142857142855,True
11962,G10,0.393,0.2857142857142857,False
11962,G15,0.393,0.2857142857142857,False
11964,G15,0.528,1.0,True
11965,G10,0.713,1.0,True
12008,G09,0.393,0.5,True
12008,G12,0.393,0.5,True
12009,G10,0.713,1.0,True
12013,G15,0.713,1.0,True
12034,G10,0.393,1.0,True
12039,G09,0.393,1.0,True
12040,G15,0.632,1.0,True
12046,G09,0.393,0.5,True
12046,G10,0.393,0.5,True
12055,G10,0.713,1.0,True
12077,G10,0.713,0.45454545454545453,True
12077,G12,0.632,0.36363636363636365,False
12077,G15,0.393,0.18181818181818182,False
12079,G09,0.826,0.7777777777777778,True
12079,G10,0.393,0.2222222222222222,False
12090,G10,0.393,0.5,True
12090,G15,0.393,0.5,True
12092,G10,0.528,0.42857142857142855,False
12092,G15,0.632,0.5714285714285714,True
12109,G10,0.393,1.0,True
12128,G10,0.393,1.0,True
12134,G15,0.393,1.0,True
12141,G09,0.528,1.0,True
12174,G07,0.528,1.0,True
12175,G10,0.777,0.75,True
12175,G15,0.393,0.25,False
12181,G10,0.632,0.21052631578947367,False
12181,G15,0.976,0.7894736842105263,True
12184,G09,0.632,1.0,True
12188,G10,0.393,0.2857142857142857,False
12188,G12,0.713,0.7142857142857143,True
12225,G09,0.632,1.0,True
12235,G10,0.865,1.0,True
12259,G12,0.632,0.6666666666666666,True
12259,G15,0.393,0.3333333333333333,False
12276,G10,0.393,1.0,True
12281,G10,0.865,1.0,True
12314,G10,0.713,1.0,True
12324,G09,0.393,1.0,True
12345,G07,0.528,1.0,True
12354,G09,0.826,0.6363636363636364,True
12354,G12,0.632,0.36363636363636365,False
12374,G09,0.632,1.0,True
12375,G06,0.528,0.3333333333333333,False
12375,G14,0.393,0.2222222222222222,False
12375,G15,0.632,0.4444444444444444,True
12376,G09,0.393,0.5,True
12376,G10,0.393,0.5,True
12389,G04,0.777,0.5454545454545454,True
12389,G10,0.713,0.45454545454545453,False
12398,G09,0.393,0.5,True
12398,G10,0.393,0.5,True
12411,G10,0.528,0.42857142857142855,False
12411,G12,0.632,0.5714285714285714,True
12413,G10,0.393,1.0,True
12432,G09,0.393,0.2857142857142857,False
12432,G10,0.713,0.7142857142857143,True
12448,G10,0.865,0.8,True
12448,G15,0.393,0.2,False
12473,G10,0.393,0.4,False
12473,G11,0.528,0.6,True
12481,G09,0.393,0.5,True
12481,G15,0.393,0.5,True
12484,G09,0.777,0.5,True
12484,G10,0.777,0.5,True
12487,G15,0.393,1.0,True
12493,G10,0.393,1.0,True
12507,G09,0.393,1.0,True
12516,G09,0.393,1.0,True
12518,G10,0.528,1.0,True
12522,G08,0.777,0.46153846153846156,False
12522,G09,0.826,0.5384615384615384,True
12535,G07,0.393,0.5,True
12535,G08,0.393,0.5,True
12539,G12,0.393,1.0,True
12551,G10,0.393,1.0,True
12566,G15,0.713,1.0,True
12567,G10,0.393,1.0,True
12568,G10,0.865,0.8,True
12568,G15,0.393,0.2,False
12570,G10,0.393,1.0,True
12586,G10,0.393,0.5,True
12586,G15,0.393,0.5,True
12601,G07,0.826,1.0,True
12612,G10,0.826,0.7777777777777778,True
12612,G15,0.393,0.2222222222222222,False
12639,G08,0.393,0.5,True
12639,G15,0.393,0.5,True
12640,G09,0.393,0.5,True
12640,G10,0.393,0.5,True
12642,G10,0.632,0.3076923076923077,False
12642,G12,0.826,0.5384615384615384,True
12642,G15,0.393,0.15384615384615385,False
12649,G10,0.826,0.7777777777777778,True
12649,G15,0.393,0.2222222222222222,False
12665,G06,0.393,0.3333333333333333,False
12665,G10,0.632,0.6666666666666666,True
12674,G10,0.95,0.8571428571428571,True
12674,G15,0.393,0.14285714285714285,False
12686,G10,0.632,0.6666666666666666,True
12686,G12,0.393,0.3333333333333333,False
12694,G09,0.528,1.0,True
12702,G10,0.918,0.8333333333333334,True
12702,G15,0.393,0.16666666666666666,False
12705,G08,0.393,0.5,True
12705,G09,0.393,0.5,True
12710,G01,0.393,0.2222222222222222,False
12710,G15,0.826,0.7777777777777778,True
12721,G09,0.393,1.0,True
12723,G09,0.393,0.5,True
12723,G10,0.393,0.5,True
12725,G08,0.393,1.0,True
12732,G07,0.713,0.4166666666666667,True
12732,G09,0.713,0.4166666666666667,True
12732,G10,0.393,0.16666666666666666,False
12736,G10,0.528,0.6,True
12736,G15,0.393,0.4,False
12744,G10,0.393,1.0,True
12754,G07,0.895,0.5625,True
12754,G08,0.528,0.1875,False
12754,G09,0.632,0.25,False
12768,G10,0.713,0.7142857142857143,True
12768,G15,0.393,0.2857142857142857,False
12773,G10,0.632,1.0,True
12789,G10,0.528,1.0,True
12794,G15,0.713,1.0,True
12805,G10,0.528,1.0,True
12814,G01,0.528,0.42857142857142855,True
12814,G02,0.393,0.2857142857142857,False
12814,G09,0.393,0.2857142857142857,False
12815,G10,0.895,1.0,True
12820,G15,0.632,0.4444444444444444,False
12820,G19,0.713,0.5555555555555556,True
12822,G09,0.895,1.0,True
12826,G07,0.393,1.0,True
12837,G10,0.632,1.0,True
12849,G09,0.393,1.0,True
12863,G10,0.632,1.0,True
12873,G10,0.632,1.0,True
12877,G01,0.393,0.2,False
12877,G10,0.393,0.2,False
12877,G14,0.632,0.4,True
12877,G15,0.393,0.2,False
12885,G09,0.865,0.7272727272727273,True
12885,G10,0.528,0.2727272727272727,False
12894,G10,0.528,1.0,True
12900,G06,0.393,0.25,False
12900,G10,0.777,0.75,True
12911,G10,0.528,1.0,True
12912,G10,0.393,1.0,True
12928,G10,0.918,1.0,True
12932,G10,0.826,0.7777777777777778,True
12932,G15,0.393,0.2222222222222222,False
12946,G01,0.961,0.8666666666666667,True
12946,G16,0.393,0.13333333333333333,False
12950,G09,0.393,1.0,True
12954,G10,0.865,0.8,True
12954,G15,0.393,0.2,False
12960,G10,0.777,1.0,True
12967,G10,0.393,1.0,True
12968,G10,0.713,1.0,True
12975,G09,0.713,0.5,True
12975,G10,0.528,0.3,False
12975,G15,0.393,0.2,False
12977,G09,0.393,1.0,True
12978,G09,0.528,0.5,True
12978,G12,0.528,0.5,True
12979,G10,0.777,0.6666666666666666,True
12979,G15,0.528,0.3333333333333333,False
12985,G10,0.713,1.0,True
12995,G07,0.632,0.26666666666666666,False
12995,G09,0.777,0.4,True
12995,G10,0.713,0.3333333333333333,False
13004,G10,0.528,1.0,True
13012,G09,0.865,1.0,True
13043,G10,0.393,1.0,True
13046,G10,0.777,1.0,True
13056,G10,0.393,1.0,True
13077,G10,0.632,1.0,True
13108,G07,0.528,1.0,True
13112,G09,0.393,1.0,True
13115,G15,0.777,0.42857142857142855,True
13115,G17,0.777,0.42857142857142855,True
13115,G18,0.393,0.14285714285714285,False
13144,G09,0.632,0.25,False
13144,G10,0.777,0.375,True
13144,G15,0.777,0.375,True
13148,G10,0.528,1.0,True
13167,G09,0.393,0.5,True
13167,G15,0.393,0.5,True
13189,G09,0.918,0.8333333333333334,True
13189,G15,0.393,0.16666666666666666,False
13192,G10,0.393,0.5,True
13192,G15,0.393,0.5,True
13209,G09,0.528,0.23076923076923078,False
13209,G10,0.865,0.6153846153846154,True
13209,G12,0.393,0.15384615384615385,False
13215,G12,0.528,1.0,True
13217,G09,0.713,0.3125,False
13217,G10,0.865,0.5,True
13217,G15,0.528,0.1875,False
13226,G10,0.713,0.7142857142857143,True
13226,G15,0.393,0.2857142857142857,False
13228,G07,0.777,0.5,True
13228,G08,0.393,0.16666666666666666,False
13228,G10,0.393,0.16666666666666666,False
13228,G15,0.393,0.16666666666666666,False
13240,G09,0.393,0.2857142857142857,False
13240,G15,0.713,0.7142857142857143,True
13251,G10,0.865,0.8,True
13251,G15,0.393,0.2,False
13292,G10,0.528,0.6,True
13292,G12,0.393,0.4,False
13338,G12,0.632,0.6666666666666666,True
13338,G15,0.393,0.3333333333333333,False
13352,G09,0.393,1.0,True
13363,G08,0.632,0.4,False
13363,G12,0.777,0.6,True
13373,G10,0.713,1.0,True
13387,G06,0.713,0.3333333333333333,False
13387,G15,0.918,0.6666666666666666,True
13400,G09,0.528,0.6,True
13400,G15,0.393,0.4,False
13404,G09,0.632,0.4,True
13404,G10,0.632,0.4,True
13404,G15,0.393,0.2,False
13417,G10,0.895,1.0,True
13434,G10,0.393,0.5,True
13434,G13,0.393,0.5,True
13435,G08,0.393,0.3333333333333333,True
13435,G10,0.393,0.3333333333333333,True
13435,G15,0.393,0.3333333333333333,True
13470,G09,0.632,1.0,True
13472,G07,0.713,1.0,True
13486,G09,0.393,1.0,True
13491,G10,0.393,1.0,True
13518,G10,0.632,1.0,True
13528,G13,0.865,1.0,True
13529,G09,0.777,0.5,True
13529,G10,0.632,0.3333333333333333,False
13529,G15,0.393,0.16666666666666666,False
13535,G08,0.393,0.3333333333333333,False
13535,G10,0.632,0.6666666666666666,True
13537,G09,0.528,0.2727272727272727,False
13537,G10,0.865,0.7272727272727273,True
13555,G10,0.713,0.7142857142857143,True
13555,G15,0.393,0.2857142857142857,False
13575,G09,0.777,0.4,False
13575,G10,0.826,0.4666666666666667,True
13575,G11,0.393,0.13333333333333333,False
13577,G10,0.713,1.0,True
13590,G08,0.393,0.25,False
13590,G10,0.528,0.375,True
13590,G15,0.528,0.375,True
13591,G08,0.528,0.3333333333333333,False
13591,G09,0.777,0.6666666666666666,True
13598,G08,0.393,0.5,True
13598,G09,0.393,0.5,True
13645,G09,0.632,0.6666666666666666,True
13645,G12,0.393,0.3333333333333333,False
13647,G07,0.393,0.5,True
13647,G08,0.393,0.5,True
13651,G09,0.528,0.3333333333333333,False
13651,G10,0.632,0.4444444444444444,True
13651,G15,0.393,0.2222222222222222,False
13653,G08,0.393,0.2857142857142857,False
13653,G15,0.713,0.7142857142857143,True
13661,G10,0.393,1.0,True
13673,G10,0.713,1.0,True
13676,G12,0.393,1.0,True
13697,G10,0.528,0.2727272727272727,False
13697,G12,0.777,0.5454545454545454,True
13697,G15,0.393,0.18181818181818182,False
13710,G08,0.826,1.0,True
13727,G10,0.393,1.0,True
13741,G09,0.393,0.16666666666666666,False
13741,G10,0.918,0.8333333333333334,True
13751,G10,0.393,1.0,True
13753,G15,0.393,1.0,True
13760,G15,0.528,1.0,True
13761,G10,0.918,0.8333333333333334,True
13761,G15,0.393,0.16666666666666666,False
13771,G15,0.393,1.0,True
13774,G10,0.393,1.0,True
13785,G09,0.632,0.5,True
13785,G10,0.632,0.5,True
13803,G08,0.865,0.5714285714285714,True
13803,G09,0.632,0.2857142857142857,False
13803,G12,0.393,0.14285714285714285,False
13820,G06,0.713,0.35714285714285715,False
13820,G10,0.826,0.5,True
13820,G15,0.393,0.14285714285714285,False
13830,G08,0.393,1.0,True
13856,G10,0.632,0.6666666666666666,True
13856,G15,0.393,0.3333333333333333,False
13876,G11,0.632,1.0,True
13905,G07,0.393,0.5,True
13905,G09,0.393,0.5,True
13915,G10,0.528,1.0,True
13972,G13,0.777,1.0,True
14002,G10,0.393,0.5,True
14002,G15,0.393,0.5,True
14018,G10,0.528,1.0,True
14028,G01,0.97,1.0,True
14032,G09,0.393,0.4,False
14032,G10,0.528,0.6,True
14036,G09,0.632,1.0,True
14055,G09,0.713,0.45454545454545453,True
14055,G10,0.632,0.36363636363636365,False
14055,G15,0.393,0.18181818181818182,False
14078,G02,0.393,0.5,True
14078,G04,0.393,0.5,True
14093,G04,0.632,1.0,True
14102,G09,0.393,0.5,True
14102,G10,0.393,0.5,True
14106,G10,0.713,1.0,True
14109,G09,0.777,0.6666666666666666,True
14109,G10,0.528,0.3333333333333333,False
14113,G08,0.528,1.0,True
14121,G09,0.393,0.4,False
14121,G10,0.528,0.6,True
14129,G09,0.826,0.7,True
14129,G10,0.528,0.3,False
14135,G09,0.713,1.0,True
14142,G02,0.393,0.5,True
14142,G10,0.393,0.5,True
14148,G10,0.393,0.4,False
14148,G12,0.528,0.6,True
14182,G09,0.393,0.25,False
14182,G10,0.632,0.5,True
14182,G12,0.393,0.25,False
14187,G09,0.528,0.42857142857142855,True
14187,G12,0.393,0.2857142857142857,False
14187,G15,0.393,0.2857142857142857,False
14189,G01,0.936,1.0,True
14200,G10,0.632,0.6666666666666666,True
14200,G12,0.393,0.3333333333333333,False
14207,G10,0.393,1.0,True
14242,G12,0.393,1.0,True
14244,G04,0.528,0.2727272727272727,True
14244,G09,0.528,0.2727272727272727,True
14244,G10,0.528,0.2727272727272727,True
14244,G15,0.393,0.18181818181818182,False
14251,G10,0.865,1.0,True
14253,G06,0.393,1.0,True
14259,G10,0.713,0.5,True
14259,G15,0.713,0.5,True
14288,G10,0.632,0.6666666666666666,True
14288,G15,0.393,0.3333333333333333,False
14290,G10,0.632,1.0,True
14294,G04,0.528,0.3,False
14294,G09,0.528,0.3,False
14294,G12,0.632,0.4,True
14299,G04,0.528,0.3333333333333333,False
14299,G10,0.777,0.6666666666666666,True
14303,G10,0.826,0.7777777777777778,True
14303,G15,0.393,0.2222222222222222,False
14304,G08,0.393,0.16666666666666666,False
14304,G09,0.632,0.3333333333333333,True
14304,G10,0.632,0.3333333333333333,True
14304,G15,0.393,0.16666666666666666,False
14333,G11,0.777,0.3,False
14333,G17,0.97,0.7,True
14338,G10,0.713,1.0,True
14339,G10,0.393,1.0,True
14343,G09,0.777,0.5454545454545454,True
14343,G10,0.713,0.45454545454545453,False
14362,G15,0.777,1.0,True
14364,G10,0.393,0.2857142857142857,False
14364,G12,0.713,0.7142857142857143,True
14373,G10,0.713,0.7142857142857143,True
14373,G15,0.393,0.2857142857142857,False
14384,G09,0.777,0.42857142857142855,True
14384,G10,0.777,0.42857142857142855,True
14384,G15,0.393,0.14285714285714285,False
14388,G09,0.632,0.36363636363636365,False
14388,G10,0.826,0.6363636363636364,True
14392,G09,0.632,0.5714285714285714,True
14392,G10,0.528,0.42857142857142855,False
14413,G10,0.632,0.6666666666666666,True
14413,G15,0.393,0.3333333333333333,False
14425,G15,0.393,1.0,True
14426,G10,0.777,1.0,True
14449,G09,0.632,1.0,True
14450,G09,0.895,1.0,True
14459,G09,0.393,0.5,True
14459,G15,0.393,0.5,True
14462,G10,0.528,1.0,True
14465,G09,0.632,0.6666666666666666,True
14465,G15,0.393,0.3333333333333333,False
14466,G09,0.918,1.0,True
14469,G09,0.713,1.0,True
14485,G09,0.528,0.375,True
14485,G10,0.528,0.375,True
14485,G15,0.393,0.25,False
14498,G06,0.393,1.0,True
14500,G10,0.632,0.6666666666666666,True
14500,G15,0.393,0.3333333333333333,False
14502,G10,0.393,1.0,True
14509,G09,0.393,1.0,True
14514,G09,0.528,0.3333333333333333,False
14514,G10,0.632,0.4444444444444444,True
14514,G15,0.393,0.2222222222222222,False
14528,G02,0.393,0.2857142857142857,False
14528,G07,0.528,0.42857142857142855,True
14528,G12,0.393,0.2857142857142857,False
14530,G10,0.528,1.0,True
14541,G10,0.393,1.0,True
14546,G08,0.393,1.0,True
14547,G15,0.393,1.0,True
14558,G09,0.393,0.5,True
14558,G12,0.393,0.5,True
14559,G12,0.826,1.0,True
14576,G10,0.918,0.8333333333333334,True
14576,G15,0.393,0.16666666666666666,False
14595,G10,0.632,0.6666666666666666,True
14595,G15,0.393,0.3333333333333333,False
14601,G09,0.632,0.3076923076923077,False
14601,G10,0.826,0.5384615384615384,True
14601,G15,0.393,0.15384615384615385,False
14605,G10,0.713,0.38461538461538464,False
14605,G15,0.865,0.6153846153846154,True
14607,G10,0.393,0.5,True
14607,G15,0.393,0.5,True
14610,G09,0.632,0.5714285714285714,True
14610,G10,0.528,0.42857142857142855,False
14611,G10,0.528,1.0,True
14617,G10,0.528,0.42857142857142855,False
14617,G15,0.632,0.5714285714285714,True
14618,G09,0.528,1.0,True
14627,G10,0.528,1.0,True
14640,G10,0.528,0.6,True
14640,G15,0.393,0.4,False
14642,G10,0.393,0.25,False
14642,G11,0.632,0.5,True
14642,G15,0.393,0.25,False
14645,G15,0.393,1.0,True
14657,G11,0.393,0.3333333333333333,False
14657,G15,0.632,0.6666666666666666,True
14659,G15,0.393,1.0,True
14662,G10,0.528,1.0,True
14670,G09,0.393,0.3333333333333333,True
14670,G10,0.393,0.3333333333333333,True
14670,G15,0.393,0.3333333333333333,True
14676,G10,0.393,0.16666666666666666,False
14676,G12,0.713,0.4166666666666667,True
14676,G13,0.713,0.4166666666666667,True
14680,G10,0.393,1.0,True
14694,G09,0.777,1.0,True
14701,G09,0.936,0.8461538461538461,True
14701,G15,0.393,0.15384615384615385,False
14706,G07,0.713,0.625,True
14706,G09,0.528,0.375,False
14707,G10,0.632,0.5,True
14707,G15,0.393,0.25,False
14707,G20,0.393,0.25,False
14708,G13,0.777,0.42857142857142855,True
14708,G14,0.393,0.14285714285714285,False
14708,G15,0.777,0.42857142857142855,True
14714,G10,0.865,1.0,True
14719,G10,0.713,0.45454545454545453,True
14719,G13,0.393,0.18181818181818182,False
14719,G15,0.632,0.36363636363636365,False
14728,G09,0.865,0.6666666666666666,True
14728,G10,0.632,0.3333333333333333,False
14736,G10,0.393,1.0,True
14739,G09,0.528,0.5,True
14739,G10,0.528,0.5,True
14764,G09,0.528,1.0,True
14776,G15,0.393,1.0,True
14788,G10,0.528,1.0,True
14795,G08,0.393,0.25,False
14795,G10,0.632,0.5,True
14795,G15,0.393,0.25,False
14804,G15,0.393,1.0,True
14806,G09,0.393,1.0,True
14809,G09,0.393,0.2,False
14809,G11,0.777,0.6,True
14809,G12,0.393,0.2,False
14816,G10,0.393,0.5,True
14816,G15,0.393,0.5,True
14817,G10,0.632,1.0,True
14831,G09,0.393,1.0,True
14844,G07,0.528,0.42857142857142855,False
14844,G09,0.632,0.5714285714285714,True
14848,G09,0.713,0.625,True
14848,G10,0.528,0.375,False
14850,G10,0.632,0.4444444444444444,False
14850,G15,0.713,0.5555555555555556,True
14852,G10,0.713,1.0,True
14874,G13,0.528,0.6,True
14874,G15,0.393,0.4,False
14883,G08,0.393,0.5,True
14883,G13,0.393,0.5,True
14890,G13,0.632,0.36363636363636365,False
14890,G15,0.826,0.6363636363636364,True
14900,G08,0.393,0.25,False
14900,G13,0.528,0.375,True
14900,G15,0.528,0.375,True
14921,G11,0.393,1.0,True
14932,G10,0.826,0.5,True
14932,G12,0.713,0.35714285714285715,False
14932,G15,0.393,0.14285714285714285,False
14949,G07,0.713,0.7142857142857143,True
14949,G09,0.393,0.2857142857142857,False
14969,G07,0.632,0.36363636363636365,False
14969,G10,0.713,0.45454545454545453,True
14969,G15,0.393,0.18181818181818182,False
14976,G09,0.632,0.6666666666666666,True
14976,G10,0.393,0.3333333333333333,False
14979,G10,0.393,1.0,True
14984,G06,0.528,0.42857142857142855,True
14984,G15,0.393,0.2857142857142857,False
14984,G16,0.393,0.2857142857142857,False
14993,G10,0.528,0.6,True
14993,G15,0.393,0.4,False
14995,G04,0.865,0.7272727272727273,True
14995,G10,0.528,0.2727272727272727,False
15006,G20,0.528,1.0,True
15012,G19,0.393,1.0,True
15013,G09,0.393,0.4,False
15013,G10,0.528,0.6,True
15018,G10,0.632,0.6666666666666666,True
15018,G15,0.393,0.3333333333333333,False
15020,G09,0.895,1.0,True
15030,G06,0.393,0.1,False
15030,G09,0.632,0.2,False
15030,G10,0.95,0.6,True
15030,G13,0.393,0.1,False
15032,G10,0.632,0.6666666666666666,True
15032,G15,0.393,0.3333333333333333,False
15042,G09,0.826,0.4375,True
15042,G10,0.632,0.25,False
15042,G12,0.713,0.3125,False
15046,G09,0.393,0.18181818181818182,False
15046,G10,0.826,0.6363636363636364,True
15046,G15,0.393,0.18181818181818182,False
15052,G08,0.393,1.0,True
15059,G09,0.895,0.8181818181818182,True
15059,G10,0.393,0.18181818181818182,False
15065,G09,0.393,0.15384615384615385,False
15065,G10,0.895,0.6923076923076923,True
15065,G15,0.393,0.15384615384615385,False
15066,G10,0.528,0.6,True
15066,G15,0.393,0.4,False
15076,G10,0.393,1.0,True
15079,G09,0.95,0.631578947368421,True
15079,G10,0.826,0.3684210526315789,False
15093,G09,0.393,0.4,False
15093,G10,0.528,0.6,True
15100,G10,0.713,0.45454545454545453,True
15100,G13,0.632,0.36363636363636365,False
15100,G15,0.393,0.18181818181818182,False
15111,G13,0.777,0.75,True
15111,G19,0.393,0.25,False
15139,G13,0.895,0.5625,True
15139,G19,0.632,0.25,False
15139,G20,0.528,0.1875,False
15143,G10,0.528,0.6,True
15143,G15,0.393,0.4,False
15151,G15,0.528,0.23076923076923078,False
15151,G16,0.393,0.15384615384615385,False
15151,G20,0.865,0.6153846153846154,True
15152,G09,0.713,1.0,True
15158,G15,0.777,1.0,True
15172,G20,0.528,1.0,True
15179,G13,0.393,0.2,False
15179,G19,0.865,0.8,True
15192,G13,0.777,0.6,True
15192,G19,0.632,0.4,False
15194,G20,0.632,1.0,True
15197,G08,0.393,0.3333333333333333,True
15197,G19,0.393,0.3333333333333333,True
15197,G20,0.393,0.3333333333333333,True
15200,G10,0.865,0.5333333333333333,True
15200,G12,0.713,0.3333333333333333,False
15200,G15,0.393,0.13333333333333333,False
15223,G09,0.393,1.0,True
15226,G09,0.936,0.6111111111111112,True
15226,G11,0.713,0.2777777777777778,False
15226,G15,0.393,0.1111111111111111,False
15235,G10,0.528,1.0,True
15241,G10,0.393,1.0,True
15261,G10,0.393,1.0,True
15262,G08,0.393,0.4,False
15262,G10,0.528,0.6,True
15269,G09,0.393,0.3333333333333333,False
15269,G10,0.632,0.6666666666666666,True
15274,G09,0.632,0.5714285714285714,True
15274,G10,0.528,0.42857142857142855,False
15278,G09,0.918,1.0,True
15287,G10,0.393,1.0,True
15305,G09,0.632,1.0,True
15317,G10,0.393,1.0,True
15330,G10,0.393,1.0,True
15331,G04,0.777,0.5,True
15331,G09,0.393,0.16666666666666666,False
15331,G10,0.393,0.16666666666666666,False
15331,G15,0.393,0.16666666666666666,False
15340,G08,0.393,1.0,True
15374,G09,0.393,0.2857142857142857,False
15374,G10,0.528,0.42857142857142855,True
15374,G15,0.393,0.2857142857142857,False
15386,G09,0.528,0.5,True
15386,G10,0.528,0.5,True
15388,G10,0.393,1.0,True
15400,G09,0.865,1.0,True
15437,G10,0.393,0.5,True
15437,G12,0.393,0.5,True
15461,G10,0.528,0.42857142857142855,False
15461,G12,0.632,0.5714285714285714,True
15466,G10,0.393,1.0,True
15473,G09,0.393,1.0,True
15481,G10,0.393,1.0,True
15486,G09,0.632,1.0,True
15505,G09,0.393,1.0,True
15515,G10,0.632,0.6666666666666666,True
15515,G15,0.393,0.3333333333333333,False
15539,G10,0.632,1.0,True
15541,G10,0.713,1.0,True
15554,G15,0.393,1.0,True
15560,G09,0.393,0.4,False
15560,G10,0.528,0.6,True
15564,G09,0.895,1.0,True
15571,G10,0.777,1.0,True
15581,G10,0.632,1.0,True
15604,G10,0.528,0.6,True
15604,G15,0.393,0.4,False
15614,G10,0.393,1.0,True
15616,G03,0.393,0.4,False
15616,G16,0.528,0.6,True
15631,G16,0.528,1.0,True
15632,G15,0.393,1.0,True
15636,G03,0.632,0.4444444444444444,True
15636,G16,0.528,0.3333333333333333,False
15636,G18,0.393,0.2222222222222222,False
15657,G09,0.632,1.0,True
15662,G09,0.393,0.4,False
15662,G10,0.528,0.6,True
15665,G10,0.632,0.6666666666666666,True
15665,G15,0.393,0.3333333333333333,False
15669,G10,0.826,0.7777777777777778,True
15669,G15,0.393,0.2222222222222222,False
15689,G01,0.826,1.0,True
15690,G03,0.777,1.0,True
15694,G03,0.632,0.6666666666666666,True
15694,G16,0.393,0.3333333333333333,False
15704,G03,0.528,1.0,True
15709,G01,0.713,1.0,True
15714,G01,0.713,0.7142857142857143,True
15714,G18,0.393,0.2857142857142857,False
15716,G01,0.918,0.7692307692307693,True
15716,G16,0.528,0.23076923076923078,False
15717,G10,0.528,0.23076923076923078,False
15717,G14,0.528,0.23076923076923078,False
15717,G15,0.826,0.5384615384615384,True
15725,G10,0.528,1.0,True
15735,G15,0.393,1.0,True
15741,G10,0.713,0.5,True
15741,G15,0.713,0.5,True
15744,G09,0.393,0.25,False
15744,G10,0.632,0.5,True
15744,G15,0.393,0.25,False
15747,G15,0.393,1.0,True
15749,G08,0.393,0.2,False
15749,G10,0.713,0.5,True
15749,G11,0.528,0.3,False
15754,G08,0.826,0.6363636363636364,True
15754,G09,0.632,0.36363636363636365,False
15770,G10,0.528,0.6,True
15770,G15,0.393,0.4,False
15771,G10,0.777,0.6,True
15771,G11,0.632,0.4,False
15779,G10,0.528,1.0,True
15781,G09,0.393,1.0,True
15789,G08,0.393,1.0,True
15791,G09,0.393,1.0,True
15801,G09,0.528,1.0,True
15803,G15,0.393,1.0,True
15812,G10,0.632,1.0,True
15818,G10,0.393,1.0,True
15838,G08,0.393,0.5,True
15838,G09,0.393,0.5,True
15875,G10,0.393,0.5,True
15875,G15,0.393,0.5,True
15893,G09,0.528,1.0,True
15909,G07,0.528,1.0,True
15919,G08,0.393,1.0,True
15922,G10,0.528,1.0,True
15928,G09,0.528,0.2727272727272727,False
15928,G10,0.777,0.5454545454545454,True
15928,G15,0.393,0.18181818181818182,False
15932,G10,0.632,1.0,True
15976,G04,0.777,0.75,True
15976,G12,0.393,0.25,False
15985,G13,0.777,0.6666666666666666,True
15985,G15,0.528,0.3333333333333333,False
15986,G10,0.393,1.0,True
16018,G15,0.393,1.0,True
16029,G09,0.632,1.0,True
16038,G10,0.632,0.6666666666666666,True
16038,G15,0.393,0.3333333333333333,False
16056,G10,0.632,1.0,True
16077,G10,0.528,1.0,True
16122,G09,0.632,0.6666666666666666,True
16122,G11,0.393,0.3333333333333333,False
16126,G08,0.393,0.2222222222222222,False
16126,G10,0.393,0.2222222222222222,False
16126,G14,0.528,0.3333333333333333,True
16126,G15,0.393,0.2222222222222222,False
16131,G10,0.918,0.8333333333333334,True
16131,G15,0.393,0.16666666666666666,False
16145,G10,0.777,0.75,True
16145,G12,0.393,0.25,False
16151,G13,0.777,1.0,True
16159,G10,0.777,1.0,True
16161,G09,0.632,0.36363636363636365,False
16161,G10,0.713,0.45454545454545453,True
16161,G15,0.393,0.18181818181818182,False
16184,G10,0.632,1.0,True
16197,G10,0.393,0.5,True
16197,G15,0.393,0.5,True
16199,G09,0.528,0.3333333333333333,False
16199,G10,0.777,0.6666666666666666,True
16209,G09,0.393,0.2222222222222222,False
16209,G10,0.826,0.7777777777777778,True
16218,G10,0.713,0.29411764705882354,False
16218,G14,0.713,0.29411764705882354,False
16218,G15,0.826,0.4117647058823529,True
16219,G15,0.393,1.0,True
16222,G10,0.528,0.6,True
16222,G13,0.393,0.4,False
16233,G13,0.777,1.0,True
16254,G13,0.528,0.6,True
16254,G19,0.393,0.4,False
16256,G13,0.936,1.0,True
16265,G13,0.895,1.0,True
16266,G13,0.865,0.42105263157894735,True
16266,G15,0.393,0.10526315789473684,False
16266,G19,0.632,0.21052631578947367,False
16266,G20,0.713,0.2631578947368421,False
16272,G09,0.393,1.0,True
16291,G10,0.528,1.0,True
16308,G10,0.826,0.7777777777777778,True
16308,G15,0.393,0.2222222222222222,False
16318,G09,0.713,0.45454545454545453,True
16318,G10,0.632,0.36363636363636365,False
16318,G15,0.393,0.18181818181818182,False
16327,G13,0.632,1.0,True
16384,G10,0.393,1.0,True
16403,G08,0.393,1.0,True
16404,G04,0.777,0.375,True
16404,G09,0.777,0.375,True
16404,G10,0.632,0.25,False
16420,G09,0.393,1.0,True
16447,G15,0.713,1.0,True
16456,G08,0.393,0.3333333333333333,False
16456,G09,0.632,0.6666666666666666,True
16467,G09,0.393,0.25,False
16467,G10,0.393,0.25,False
16467,G12,0.632,0.5,True
16486,G07,0.936,0.55,True
16486,G08,0.528,0.15,False
16486,G09,0.632,0.2,False
16486,G10,0.393,0.1,False
16496,G12,0.393,1.0,True
16515,G10,0.713,1.0,True
16517,G09,0.632,0.4444444444444444,False
16517,G10,0.713,0.5555555555555556,True
16524,G09,0.528,0.3333333333333333,False
16524,G10,0.393,0.2222222222222222,False
16524,G12,0.632,0.4444444444444444,True
16556,G13,0.393,1.0,True
16626,G10,0.528,1.0,True
16637,G10,0.393,1.0,True
16684,G09,0.632,0.5,True
16684,G10,0.632,0.5,True
16685,G09,0.393,1.0,True
16687,G08,0.393,0.4,False
16687,G11,0.528,0.6,True
16714,G10,0.393,0.25,False
16714,G15,0.777,0.75,True
16741,G08,0.393,0.5,True
16741,G09,0.393,0.5,True
16760,G15,0.713,1.0,True
16768,G06,0.393,0.18181818181818182,False
16768,G09,0.713,0.45454545454545453,True
16768,G10,0.632,0.36363636363636365,False
16773,G08,0.393,1.0,True
16809,G10,0.393,0.5,True
16809,G15,0.393,0.5,True
16838,G10,0.777,0.75,True
16838,G12,0.393,0.25,False
16844,G09,0.632,1.0,True
16860,G10,0.393,1.0,True
16871,G09,0.393,0.3333333333333333,False
16871,G10,0.632,0.6666666666666666,True
16873,G09,0.632,0.18181818181818182,False
16873,G10,0.982,0.7272727272727273,True
16873,G15,0.393,0.09090909090909091,False
16874,G09,0.777,0.6666666666666666,True
16874,G10,0.528,0.3333333333333333,False
16909,G13,0.393,0.5,True
16909,G19,0.393,0.5,True
16922,G09,0.393,0.5,True
16922,G10,0.393,0.5,True
16937,G10,0.393,1.0,True
16941,G10,0.528,1.0,True
16972,G10,0.713,0.5,True
16972,G15,0.713,0.5,True
16977,G09,0.393,1.0,True
17001,G10,0.393,1.0,True
17009,G04,0.713,0.3333333333333333,False
17009,G08,0.393,0.13333333333333333,False
17009,G09,0.393,0.13333333333333333,False
17009,G12,0.777,0.4,True
17012,G08,0.393,1.0,True
17020,G09,0.528,0.42857142857142855,False
17020,G12,0.632,0.5714285714285714,True
17026,G11,0.528,1.0,True
17037,G15,0.393,1.0,True
17065,G10,0.632,1.0,True
17074,G15,0.393,1.0,True
17076,G10,0.393,0.5,True
17076,G15,0.393,0.5,True
17083,G08,0.393,1.0,True
17098,G09,0.393,1.0,True
17105,G10,0.393,1.0,True
17122,G10,0.777,0.5,True
17122,G12,0.632,0.3333333333333333,False
17122,G15,0.393,0.16666666666666666,False
17129,G09,0.393,0.5,True
17129,G11,0.393,0.5,True
17136,G10,0.632,1.0,True
17137,G10,0.393,0.5,True
17137,G15,0.393,0.5,True
17173,G07,0.713,1.0,True
17206,G08,0.393,0.2857142857142857,False
17206,G10,0.528,0.42857142857142855,True
17206,G15,0.393,0.2857142857142857,False
17251,G15,0.777,1.0,True
17263,G09,0.393,0.5,True
17263,G10,0.393,0.5,True
17264,G09,0.632,1.0,True
17283,G08,0.528,1.0,True
17302,G09,0.393,1.0,True
17329,G07,0.632,0.5714285714285714,True
17329,G10,0.528,0.42857142857142855,False
17332,G10,0.632,0.36363636363636365,False
17332,G15,0.826,0.6363636363636364,True
17343,G07,0.713,1.0,True
17347,G10,0.632,1.0,True
17378,G07,0.393,1.0,True
17386,G07,0.632,0.5714285714285714,True
17386,G09,0.528,0.42857142857142855,False
17407,G09,0.713,1.0,True
17418,G10,0.713,1.0,True
17433,G10,0.713,0.7142857142857143,True
17433,G15,0.393,0.2857142857142857,False
17441,G09,0.393,0.4,False
17441,G10,0.528,0.6,True
17452,G10,0.632,0.6666666666666666,True
17452,G15,0.393,0.3333333333333333,False
17475,G10,0.393,1.0,True
17477,G15,0.713,1.0,True
17483,G10,0.393,0.5,True
17483,G13,0.393,0.5,True
17493,G09,0.393,0.5,True
17493,G13,0.393,0.5,True
17494,G04,0.528,0.6,True
17494,G10,0.393,0.4,False
17495,G08,0.777,0.6666666666666666,True
17495,G09,0.528,0.3333333333333333,False
17498,G15,0.826,1.0,True
17500,G09,0.895,1.0,True
17506,G10,0.632,0.6666666666666666,True
17506,G15,0.393,0.3333333333333333,False
17523,G10,0.393,0.5,True
17523,G15,0.393,0.5,True
17528,G10,0.393,1.0,True
17537,G08,0.528,0.5,True
17537,G09,0.528,0.5,True
17555,G20,0.895,1.0,True
17556,G10,0.528,1.0,True
17565,G09,0.393,1.0,True
17604,G07,0.393,1.0,True
17620,G09,0.826,1.0,True
17624,G12,0.713,1.0,True
17634,G10,0.632,0.6666666666666666,True
17634,G15,0.393,0.3333333333333333,False
17648,G09,0.777,0.6666666666666666,True
17648,G11,0.528,0.3333333333333333,False
17660,G10,0.393,0.5,True
17660,G11,0.393,0.5,True
17683,G08,0.393,1.0,True
17722,G15,0.713,1.0,True
17762,G10,0.528,1.0,True
17812,G12,0.632,0.5,True
17812,G15,0.632,0.5,True
17813,G01,0.95,1.0,True
17815,G08,0.528,0.2727272727272727,False
17815,G09,0.865,0.7272727272727273,True
17824,G07,0.632,0.6666666666666666,True
17824,G15,0.393,0.3333333333333333,False
17833,G09,0.393,1.0,True
17845,G09,0.393,0.18181818181818182,False
17845,G10,0.826,0.6363636363636364,True
17845,G15,0.393,0.18181818181818182,False
17846,G09,0.713,0.4166666666666667,True
17846,G10,0.528,0.25,False
17846,G11,0.632,0.3333333333333333,False
17864,G09,0.528,1.0,True
17880,G08,0.393,0.5,True
17880,G09,0.393,0.5,True
17881,G10,0.713,0.625,True
17881,G15,0.528,0.375,False
17882,G15,0.918,1.0,True
17906,G09,0.826,0.5384615384615384,True
17906,G10,0.528,0.23076923076923078,False
17906,G15,0.528,0.23076923076923078,False
17913,G10,0.777,1.0,True
17930,G10,0.777,1.0,True
17931,G09,0.632,0.5714285714285714,True
17931,G10,0.528,0.42857142857142855,False
17934,G10,0.632,1.0,True
17937,G09,0.393,1.0,True
17961,G07,0.528,1.0,True
17981,G10,0.528,0.6,True
17981,G15,0.393,0.4,False
17983,G08,0.393,0.15384615384615385,False
17983,G10,0.826,0.5384615384615384,True
17983,G12,0.632,0.3076923076923077,False
17986,G09,0.713,0.7142857142857143,True
17986,G10,0.393,0.2857142857142857,False
17994,G09,0.632,1.0,True
18017,G10,0.393,1.0,True
18021,G09,0.393,0.4,False
18021,G10,0.528,0.6,True
18024,G08,0.528,0.5,True
18024,G09,0.528,0.5,True
18030,G09,0.826,0.5833333333333334,True
18030,G10,0.713,0.4166666666666667,False
18036,G09,0.528,0.5,True
18036,G10,0.528,0.5,True
18037,G10,0.528,0.6,True
18037,G15,0.393,0.4,False
18047,G10,0.528,1.0,True
18048,G10,0.632,0.5,True
18048,G15,0.632,0.5,True
18061,G10,0.632,1.0,True
18090,G09,0.528,0.6,True
18090,G11,0.393,0.4,False
18094,G09,0.895,0.5,True
18094,G10,0.777,0.3333333333333333,False
18094,G15,0.528,0.16666666666666666,False
18103,G07,0.826,1.0,True
18115,G08,0.393,0.2,False
18115,G09,0.393,0.2,False
18115,G12,0.393,0.2,False
18115,G15,0.632,0.4,True
18250,G09,0.393,0.4,False
18250,G10,0.528,0.6,True
9030,G15,0.713,1.0,True
9037,G01,0.393,0.4,False
9037,G08,0.528,0.6,True
